id,card_set,display_name,effect_text,flavor_text,source
"Aaron, the Godslayer",IH,亚伦·弑神者,击败一个怪物无需支付费用.,,workbench
Abolisher,SoS,废除者,"获得1符文. 你可以放逐一张卡牌在 你手牌; 若你 做, 获得额外的 1符文.",,workbench
Acidic Crawler,IH,酸性爬行者,"奖励：5荣誉. 若对手控制最多的神器, 摧毁所有神器该玩家控制.",,workbench
"Adam, Builder Adept",DoC,亚当·建造者能手,"当你获取此, 你可以获取神器在中央牌列无需支付费用.
获得4符文.",,workbench
Adayu the Omnipotent,RotF,天选者阿达尤,获取或 击败任意卡牌在中央牌列. (你无需支付符文或 战力).,,workbench
Adayu the Serene,RU,阿达尤宁静,"此英雄视为所有派系.
获得1符文, 1战力和 1荣誉. 抽一张牌.
多重联合： 获得1符文以 每个机械英雄, 1战力以 每个虚空英雄,1荣誉以 每个命约英雄, 和抽一张牌以 每个圣贤英雄你 打出或 已打出本回合.",,workbench
Adayu the Tormented,RU,阿达尤受折磨,奖励： 将此牌转化为阿达尤宁静并获取它.,,workbench
Aegis Knight,Del,神盾骑士,从你的手牌或弃牌堆放逐一张卡牌. 若你如此做，将其替换为 秘教士或 重装步兵.,,workbench
Aether Channeler,promo,以太引导者,放逐一张手牌。用一张随机英雄替换它，并将该英雄放入你的手牌。,,workbench
Aether Curator,promo,以太策展者,放逐中央牌列的一张牌。用一张传送门替换它。,,workbench
Aether Ritualist,promo,以太祭仪师,"获得2战力.
本回合下次你在中央牌列击败怪物时, 你可以无需支付费用获取传送门.",,workbench
Aether Warrior,Dlvr,以太战士,"幻象 - 当此 为在中央牌列, 你可以支付 5洞察以 放逐和 打出此.
抽两张牌.",我的刃切断血肉，也切断灵魂。,workbench
Aetherspring Witch,promo,以太泉女巫,"选择一项：获得3荣誉, 或获取传送门在中央牌列无需支付费用.",,workbench
Air Support Squadron,RU,空中支援中队,"每回合一次，当你获取机械卡牌, 你可以将其放入你的手牌.",,workbench
Aiyana's Messenger,SoS,艾雅娜的信使,获得1符文. 你可以支付 1 更低符文下次你获取英雄本回合.,,workbench
"Akam, the Genie",IH,阿卡姆·灯神,奖励：3荣誉. 持续战利品： 放置三 愿望指示物在 阿卡姆.,,workbench
"Aklys, the Scourge",WoS,阿克里斯·灾祸,奖励：获得6荣誉.,,workbench
Alluring Shaman,DS,魅惑萨满,"获得1符文.
你可以支付 1洞察以 获得3荣誉.",,workbench
Alosyan Guide,VotA,阿洛西亚向导,"当你获取此, 若你 已打出命约英雄本回合, 放置此 直接置入你的手牌.
获得3荣誉.",,workbench
"Alset, Monk Prodigy",RU,阿尔塞特·僧侣神童,"当此 为在你的手牌中, 若你控制的 2 或更高神器, 将此牌转化为阿尔塞特, 反应堆学者.
获得3符文.",,workbench
"Alset, Reactor Savant",RU,阿尔塞特·反应堆学者,"获得4符文.
当你获取神器本回合, 你可以将它放置进入战场.",,workbench
Ancient Stag,VotA,上古鹿,"获得3荣誉.
联合: 获得1L.",,workbench
Animus of the Wild,RU,魂魄荒野,"获得2符文.
你少支付 1 符文下次你获取一个英雄本回合.",,workbench
Annihilation,IH,歼灭,"当一名玩家获取虚空卡牌时，该玩家可以放逐其手牌或弃牌堆中的一张牌。
事件战利品：获得 1 战力。",,workbench
Anointed Askara,DU,涂油阿斯卡拉,"抽一张牌.
本回合一次， 当你获取一个英雄或 神器从中央牌列, 将其放入你的手牌.",,workbench
Apprentice,,学徒,获得1符文。,,workbench
Apprentice 10TH,,学徒,获得1符文。,,workbench
Apprentice RU,RU,学徒,获得1符文。,,workbench
Apprentice RoV,RoV,学徒,获得1符文。,,workbench
Apprentice SoS,,学徒,获得1符文。,,workbench
"Aranyx, the Glutton",DoC,阿兰尼克斯·贪食者,"奖励： 获得4荣誉. 获得7战力.
集结: 怪物.",,workbench
Arbiter Circlet,Del,仲裁者头环,每回合一次，获得1战力.,恶魔之骨，与一百个灵魂。,workbench
Arbiter of Fate,RotF,仲裁者天命,"天命： 当此牌进入中央牌列时, 每位玩家可以放逐一张卡牌从其手牌或 弃牌堆.
抽一张牌. 你可以从你的手牌或弃牌堆放逐一张卡牌.",,workbench
Arbiter of the Lost,DU,仲裁者迷失,"获得2E.
你可以从你的手牌或弃牌堆放逐一张卡牌.",,workbench
Arbiter of the Precipice,CotG,悬崖仲裁者,抽两张牌。然后放逐你手牌中的一张卡牌。,,workbench
Arbiter of the Precipice 10TH,CotG10,悬崖仲裁者,抽两张牌。然后放逐你手牌中的一张卡牌。,,workbench
Arbiter's Censer,DS,仲裁者香炉,"当你在中央牌列击败怪物时, 获得2荣誉.",,workbench
Arha Emissary,LGND,亚哈使者,"抽一张牌。
若你本回合打出或已打出过每个派系的使者，你赢得对局。",,workbench
Arha Historian,WoS,亚哈史官,"抽一张牌. 若你打出或已打出秘教士或 重装步兵本回合, 额外抽一张牌.",,workbench
Arha Initiate,CotG,亚哈新兵,抽一张牌。,,workbench
Arha Initiate 10TH,CotG10,亚哈新兵,抽一张牌。,,workbench
Arha Medium,IH,亚哈灵媒,你可以放逐此牌以 无需支付费用获取秘教士或重装步兵. 将其放入你的手牌.,,workbench
Arha Mentor,DU,亚哈导师,"充能 2E: 抽一张牌.
你可以放逐一张卡牌从你的手牌. 若你如此做，无需支付费用获取秘教士或重装步兵，并将其放入你的手牌.",,workbench
Arha Recruit,LGND,亚哈新兵,"抽一张牌。
获得 1 点声望，然后放逐此牌。",,workbench
Arha Rising,SoS,亚哈崛起,"每回合一次，当一名玩家弃掉任意数量的卡牌时，其可将其中一张收回手牌。
事件战利品：抽一张牌。",,workbench
Arha Sanctuary,promo,亚哈圣所,"当此牌进入战场时，将你牌库顶的一张牌正面朝上放在此牌下方。
每回合一次，你可以用手牌中的一张牌与亚哈圣所下方的牌交换。
当亚哈圣所离开战场或对局结束时，将其下方的牌置入你的弃牌堆。",,workbench
Arha Sensei,RotF,亚哈导师,从你的手牌放逐一张卡牌. 若你如此做，获取秘教士或 重装步兵. 加入它以 你的手牌.,,workbench
Arha Sensei DS,DS,亚哈导师,从你的手牌放逐一张卡牌. 若你如此做，无需支付费用获取秘教士或重装步兵. 加入它以 你的手牌.,,workbench
Arha Templar,CotG,亚哈圣殿武士,击败一个战力值不高于4的怪物。,,workbench
Arha Templar 10TH,CotG10,亚哈圣殿武士,击败一个战力值不高于4的怪物。,,workbench
Armistice,DS,停战,每位玩家弃掉其 手牌和 抽五 卡牌.,,workbench
"Asalas, the Impaler",VotA,阿萨拉斯·穿刺者,"获得2符文.
下次你获取一个英雄本回合, 获得P等同于 已获取英雄之R费用.",,workbench
Ascetic of the Lidless Eye,CotG,无目之眼苦行僧,抽两张牌。,,workbench
Ascetic of the Lidless Eye 10TH,CotG10,无目之眼苦行僧,抽两张牌。,,workbench
Ashes to Ashes,DS,灰烬归于灰烬,放逐所有卡牌在中央牌列.,,workbench
Askara of Fate,RotF,命运阿斯卡拉,"天命： 当此牌进入中央牌列时, 每位玩家可以抽一张牌.
抽两张牌. 每位其他玩家可以抽一张牌. 然后你可以放逐中央牌列的一张卡牌.",,workbench
Askara of Fortune,promo,幸运阿斯卡拉,每位玩家展示顶部卡牌的 其牌库. 选择一个英雄已展示以此方式和 复制其效果.,,workbench
Askara of Judgement,LGND,审判阿斯卡拉,抽一张牌.,,workbench
Askara of Souls,IH,灵魂阿斯卡拉,获得灵魂宝石.,,workbench
Askaran Armor,DS,阿斯卡拉甲,"每回合一次，当你获取卡牌从 你的梦境, 你可以将一张卡牌加入你的梦境.",,workbench
Astroblade TRX,IH,星刃TRX,"每回合一次，当你 打出机械神器 (包括此牌), 获得1荣誉.",,workbench
Aura of the Askara,DS,灵光阿斯卡拉,"若你打出过两 圣贤英雄以 同名本回合, 你可以获取此 无需支付费用.
持续: 每回合一次，你可以复制效果的 英雄你 已打出本回合.",,workbench
Auspicious Askara,DS,吉兆阿斯卡拉,"抽一张牌.
联合： 你可以放逐中央牌列的一张卡牌.",,workbench
Austere Sage,DoC,严苛贤者,"抽一张牌.
你可以放逐中央牌列的一张卡牌, 然后集结: 圣贤.",,workbench
Autobuilder 5.0,SoS,自动建造机5.0,你可以摧毁此 以少支付 2 符文下次你获取机械神器本回合.,,workbench
Avatar Golem,CotG,化身魔像,获得2战力。你每控制一种神器，获得1荣誉。,,workbench
Avatar Golem 10TH,CotG10,化身魔像,获得2战力。你每控制一种神器，获得1荣誉。,,workbench
Avatar of Aiyana,SoS,化身·艾雅娜,"获得2符文.
此回合, 你可以获取英雄在中央牌列被 支付符文等同于 其荣誉而非支付其 符文费用.",,workbench
Avatar of the Fallen,CotG,堕落者化身,除非被击败，否则此怪物不可被放逐。奖励：获得4荣誉。你可以无需支付费用获取或击败中央牌列中的任意一张卡牌。,,workbench
Avatar of the Fallen 10TH,CotG10,堕落者化身,除非被击败，否则此怪物不可被放逐。奖励：获得4荣誉。你可以无需支付费用获取或击败中央牌列中的任意一张卡牌。,,workbench
Azerax of the Black Watch,DU,阿泽拉克斯黑卫,"充能 4E: 将此牌转化为阿泽拉克斯, 尼克斯的天选者. (忽略此牌的其余卡牌之效果.)
获得4战力.
你可以从你的手牌或弃牌堆放逐一张卡牌.",,workbench
"Azerax, Nyx's Chosen",DU,阿泽拉克斯·尼克斯的天选者,"获得6战力.
你可以放逐任意数量的 卡牌在你的手牌中和/或弃牌堆.",,workbench
Azurite Channeler,Dlvr,蓝铜引导者,"从你的手牌放逐一张卡牌，并将其替换为 秘教士或 重装步兵.
掠夺 - 此回合, 若你 获取卡牌和 击败一个怪物,两者在中央牌列, 获得2洞察.",,workbench
Bam Tribe Gremlins,GotE,巴姆部落小妖们,"奖励：获得 2 荣誉。
感染：当你击败巴姆部落小妖时，可以将其放入一名玩家的弃牌堆。",,workbench
Battery Monk,RotF,电池僧侣,你可以少支付 1 符文下次你获取神器本回合. 抽一张牌.,,workbench
"Bazu, Duke of Scorn",RotF,轻蔑公爵巴祖,奖励：获得4荣誉. 每位对手要么弃掉卡牌以 每个神器其控制的要么放置所有神器置入其弃牌堆.,,workbench
Beacon Shaman,RoV,信标萨满,"展示你牌库顶的卡牌，并将其放入你的手牌. 若它 为宝藏, 获得3荣誉.",,workbench
Beacon of the Lost,VotA,信标迷失,回响：每回合一次，获得 1 战力。（若你的弃牌堆中有虚空卡牌，则获得此效果。）,,workbench
Beast Staff,IH,野兽法杖,"每回合一次，获得 1 战力。
每回合一次，你可以支付 1 符文展示你牌库顶的牌，获得等同于其荣誉值的荣誉。",,workbench
"Belthar, Soul Collector",IH,贝尔萨·集魂者,"获得3战力. 本回合下次你在中央牌列击败怪物时, 获得3符文.",,workbench
Berserker Frenzy,DS,狂战狂乱,"若你本回合已在中央牌列击败三只或更多怪物，你可以无需支付费用获取此牌。
获得 10 荣誉。
持续：每回合一次，当你击败怪物时，将其荣誉奖励加倍。",,workbench
Betrayed Templar,DoC,被弃圣殿武士,奖励： 获得5荣誉. 你可以无需支付费用击败中央牌列费用为 5 战力或更低的一只怪物.,,workbench
Big Bad Bunny,promo,大坏兔子,天命：从中央牌库取一张牌正面朝下置于此牌下方，并对中央牌列每张其他牌各如此做一次。,,workbench
Black Hole,RotF,黑洞,每回合一次，你可以从你的手牌放逐一张卡牌. 若你如此做，获得1战力.,,workbench
Black Watch Elite,RotF,黑卫精锐,获得3战力. 你可以从你的手牌或弃牌堆放逐一张卡牌.,,workbench
Black Watch Exemplar,RU,黑卫典范,"获得3战力.
多重联合： 你可以从你的弃牌堆放逐一张卡牌.",,workbench
Blackwatch Dreamer,Dlvr,黑卫梦者,"幻象 - 当此 为在中央牌列, 你可以支付 2洞察以 放逐和 打出此.
获得1战力. 你可以从你的手牌放逐一张卡牌的 弃牌堆.",,workbench
Blackwatch Vanquisher,RoV,黑卫征服者,"获得2战力.
充能 3E: 获得额外的 2战力.",,workbench
Blast Goggles,GotE,爆破护目镜,"每回合一次，若你控制的五 或更高机械神器, 获得5荣誉.",,workbench
Bleaktoad,Del,荒蟾,奖励：获得4荣誉. 你可以从你的手牌或弃牌堆放逐一张卡牌. 你可以支付 2洞察以 放逐额外的卡牌在你的手牌或弃牌堆.,,workbench
Blind Seer,VotA,盲预言者,"抽一张牌.
宁静: 获得1L. (获得此效果：若 没有卡牌在你的弃牌堆.)",,workbench
Bombcrafter,LGND,炸弹匠,"抽一张牌.
获得2战力, 然后放逐此牌.",,workbench
Boon - Cetra,LGND,恩赐：塞特拉,本回合一次， 你可以放置英雄从 你的弃牌堆放到你的牌库顶.,,workbench
Boon - Emri,LGND,恩赐：艾姆瑞,本回合一次， 获得2战力.,,workbench
Boon - Kor,LGND,恩赐：科尔,本回合一次， 获得2符文.,,workbench
Boon - Master Dhartha,LGND,恩赐：达萨大师,本回合一次， 抽一张牌.,,workbench
Boon - Naira,LGND,恩赐：奈拉,本回合一次， 获得2荣誉.,,workbench
Boon - Naka,LGND,恩赐：纳卡,本回合一次，你可以放逐一张本回合已打出的卡牌。,,workbench
Boon - P.R.I.M.E.,LGND,恩赐：P.R.I.M.E.,本回合一次， 你可以返回神器从 你的弃牌堆以 你的手牌.,,workbench
Boon - Ulu,LGND,恩赐：乌鲁,本回合一次，在另一派系获得 1 点声望。,,workbench
Boon: Cetra,LGND,恩赐：塞特拉,本回合一次， 你可以放置英雄从 你的弃牌堆放到你的牌库顶.,,workbench
Boon: Kor,LGND,恩赐：科尔,本回合一次， 获得2符文.,,workbench
Boon: Master Dhartha,LGND,恩赐：达萨大师,本回合一次， 抽一张牌.,,workbench
Boon: Naka,LGND,恩赐：纳卡,本回合一次，你可以放逐一张本回合已打出的卡牌。,,workbench
Borderland Mercenary,RU,边地佣兵,"抽一张牌.
命名派系. 此英雄视为该 派系本回合.",,workbench
Borderland Nihilist,RU,边地虚无者,奖励： 将此牌转化为边地佣兵并获取它.,,workbench
Brainstorm Sentry,DS,头脑风暴哨兵,获得1符文和 1战力以 每个机械神器你控制的.,,workbench
Bramble Elemental,GotE,荆棘元素,"奖励：获得5荣誉.
你可以从你的手牌或弃牌堆放逐一张卡牌.",,workbench
Brazer Drone,SoS,铜匠无人机,获得1符文. 你可以返回神器从 你的弃牌堆以 你的手牌.,,workbench
Bringer of Despair,DS,带来者绝望,"获得 2 战力。
联合：将你的战力加倍。",,workbench
Bringer of Hope,WoS,带来者希望,从你的手牌放逐一张卡牌. 若你如此做，将秘教士和重装步兵加入你的手牌.,,workbench
Brother Laias,GotE,修士莱亚斯,"赋力
当你获取修士莱亚斯, 将其放入你的手牌若 你已打出秘教士本回合.
抽两张牌.",,workbench
Brother Marius,VotA,修士马里乌斯,"获得1符文.
你控制的神器所属的每个派系使你额外获得 1 符文.",,workbench
Burial Guardian,VotA,埋葬守卫,"获得2符文.
下次你获取命约卡牌本回合, 获得1D.",,workbench
Burrower Mark II,CotG,钻地机II型,每回合你首次将机械神器进入战场时（包括此牌），抽一张牌。,,workbench
Burrower Mark II 10TH,CotG10,钻地机II型,每回合你首次将机械神器进入战场时（包括此牌），抽一张牌。,,workbench
"Caaro, Desert Breaker",Dlvr,卡罗·沙漠破碎者,"奖励：获得4荣誉. 以每位对手, 你选择和 摧毁一个神器其控制的.梦缚: 2洞察.",金色巨人，高过群山,workbench
Cacklecast Wretch,DU,狂笑施法可怜虫,"若你 拥有已获得 4E或更高本回合, 你可以击败此 无需支付费用.
奖励： 获得4荣誉.",,workbench
Cackling Jackal,IH,狂笑豺狼,奖励：2荣誉. 战利品： 放逐此 以获得1符文.,,workbench
Call of Darkness,DS,黑暗呼唤,放逐至多 5 卡牌在你的手牌或弃牌堆.,,workbench
Canon Templar,RU,圣典圣殿武士,"获得2符文.
你可以击败一个怪物以P费用低于或 等同于R费用的 神器你控制的.",,workbench
Canopic Jar,SoS,卡诺皮克罐,"每回合一次，获得1战力.
每回合一次，当你在中央牌列击败怪物时, 获得1符文.",,workbench
Canopy Sanctuary,DoC,树冠圣所,"每回合一次，你可以展示你牌库顶的卡牌，并将其放入你的手牌. 若它 为圣贤或 命约, 获得3荣誉.",,workbench
Caretaker Zahral,VotA,看护者扎拉尔,"获得3符文.
下次你获取一个英雄本回合, 你可以将它放置放到你的牌库顶.",,workbench
Caustic Conjurer,DS,腐蚀咒术师,"获得1洞察.
你可以从你的手牌或弃牌堆放逐一张卡牌.",,workbench
Cavern Creeper,WoS,洞穴爬行者,奖励：获得1荣誉和 1符文.,,workbench
Cavern Horror,VotA,洞穴恐魔,奖励：获得 1 荣誉。你可以将弃牌堆洗入牌库。（本回合已打出的卡牌直到回合结束才会进入弃牌堆。）,,workbench
Cell Block E,GotE,牢房E区,"当你在中央牌列击败怪物时或 打出怪物, 你可以将其直接放入战场并视为机械神器.",,workbench
Cetra's Respite,DS,塞特拉的喘息,获取中央牌列的一张英雄无需支付费用.,,workbench
Cetra's Trial,GotE,塞特拉的试炼,"中央牌列英雄获取费用降低 1 符文（最低 1 符文）.
支付 8符文: 将此牌转化为天体塞特拉并获取它.",,workbench
"Cetra, Benefactor of All",,所有之恩塞特拉,从你开始，再按回合顺序，每位玩家无需支付费用获取一张英雄。以此方式获取的英雄置于其拥有者的牌库顶。,,workbench
"Cetra, Celestial Body",GotE,天体塞特拉,获得等同于中央牌列所有英雄与神器荣誉总和的荣誉。,,workbench
"Cetra, Guide of Ogo",promo,奥戈向导塞特拉,获取所有英雄在中央牌列无需支付费用. 放置它们放到你的牌库顶在 任意秩序.,,workbench
"Cetra, Matron of Stars",RU,星辰主母塞特拉,"本回合一次， 获取一个英雄无需支付费用. 将它放置放到你的牌库顶.
多重联合： 你可以重复此.",,workbench
"Cetra, Voidmother",Del,虚空之母塞特拉,"获得4战力.
本回合下次你在中央牌列击败怪物时, 你可以获取一个英雄无需支付费用和 将它放置放到你的牌库顶.",,workbench
"Cetra, Weaver of Stars",CotG,织星者塞特拉,获取任意一个英雄。将其放到你的牌库顶。,,workbench
"Cetra, Weaver of Stars 10TH",CotG10,织星者塞特拉,获取任意一个英雄。将其放到你的牌库顶。,,workbench
Chaos Cannon,DS,混沌加农,每回合一次，你可以支付 5 洞察获得 10 战力。你每控制一件其他机械神器，使用此异能少支付 1 洞察。,,workbench
Chaos Rider,promo,混沌骑手,"获得3战力.
你可以返回虚空卡牌从 你的弃牌堆以 你的手牌.",,workbench
Chaotic Cannon,promo,混沌加农,"每回合一次，弃掉你牌库顶的卡牌以 获得战力等同于 其荣誉值.若它 为机械神器, 将其放入你的手牌改为.",,workbench
Charging Chamber,DU,充能室,"每回合一次，当你 打出机械神器 (包括此牌), 获得1E.",,workbench
Cheerful Consort,VotA,欢快伴侣,"获得1荣誉.
抽一张牌.",,workbench
Chronicle of Vigil,DS,祈夜编年史,每回合一次，获得1荣誉以 每个派系在你控制的神器之中. (此卡牌具有没有派系.),,workbench
Claws of Deoful,LGND,爪迪奥福尔,"奖励：获得 4 荣誉。
在任意派系获得 1 点声望。",,workbench
Clockwork Blade,Del,发条刃,"每回合一次，当你 打出机械神器 (包括此牌), 获得1战力你控制的每件机械神器.",,workbench
Clockwork Familiar,Del,发条使魔,"每回合一次，当你 打出机械神器 (包括此牌), 获得1符文你控制的每件机械神器.",,workbench
Clockwork Helm,Del,发条盔,"每回合一次，当你 打出机械神器 (包括此牌), 获得1洞察你控制的每件机械神器.",,workbench
Clockwork Sentry,DoC,发条哨兵,"获得2战力.
若你控制的两 或更高神器, 获得额外的 2战力.",,workbench
Clockwork Shield,Del,发条盾,"每回合一次，当你 打出机械神器 (包括此牌), 获得1荣誉你控制的每件机械神器.",,workbench
Clutch of Darkness,RU,黑暗之握,每回合一次，获得2战力.,,workbench
Cog Maw,SoS,齿轮巨口,"每回合一次，你可以摧毁机械神器你控制的以 获得1符文.
若当前事件为 机械, 获得额外的 1符文.",,workbench
Cognition Courier,RoV,认知信使,"获得2符文.
充能： 你少支付 1 符文下次你获取神器本回合以 每个 1E你拥有已获得本回合.",,workbench
Combustion Idol,RotF,燃烧偶像,每回合一次，你可以抽一张牌若 你控制的三 或更高机械神器.,,workbench
Conduit Monk,GotE,导管僧侣,"赋力
获得3符文.
你为 视为以 控制两 额外的机械神器本回合.",,workbench
Constricting Horror,promo,绞杀恐魔,奖励：获得4荣誉. 展示卡牌从中央牌库直到你 展示英雄. 获取该 英雄无需支付费用和 放逐每个其他卡牌已展示以此方式.,,workbench
Control Room,promo,控制室,"每回合一次，你可以将你控制的一件机械神器放在传送门牌库顶.
若你如此做，获取中央牌列的机械神器，并将其放入你的手牌.",,workbench
Controlsmith,Dlvr,控术匠,获得 2 符文。若你控制一件已转化的神器，抽一张牌。,,workbench
Conversion Port,DoC,转化端口,你可以将所有神器作为如同他们为 所有派系.,,workbench
Corite Mechanadon,Dlvr,刚玉机械兽,"幻象 - 当此 为在中央牌列, 你可以支付 2洞察以 放逐和 打出此.
获得1符文和 1战力.",,workbench
Correction of Creation,LGND,校正造物,奖励：获得2荣誉. 你可以放逐一张卡牌从你的手牌或 弃牌堆.,,workbench
Corrosive Widow,CotG,腐蚀寡妇,奖励：获得3荣誉。每位对手须将其控制的一张神器置入弃牌堆。,,workbench
Corrosive Widow 10TH,CotG10,腐蚀寡妇,奖励：获得3荣誉。每位对手须将其控制的一张神器置入弃牌堆。,,workbench
Corrupted Sage,DoC,腐化贤者,"奖励： 获得2荣誉. 抽一张牌.
集结: 圣贤.",,workbench
Cosmic Protocol,IH,宇宙协议,"当一名玩家获取机械神器时，该玩家可以将其直接放入战场。
事件战利品：本回合你获取下一张机械神器时少支付 2 符文。",,workbench
Crypt Lurker,VotA,地穴潜伏者,奖励：获得3荣誉. 获得1D.,,workbench
Crystalline Monk,DU,水晶僧侣,"获得 2 符文。
你可以将中央牌列某张牌下方的一张宝藏移到另一张中央牌列卡牌下方。",,workbench
Cult of the False Circle,DoC,邪教虚假环,奖励： 获得5荣誉. 你可以获取一个英雄以 费用 5符文或更低无需支付费用.,,workbench
Cultist,,邪教徒,奖励：获得1荣誉。,,workbench
Cultist 10TH,,邪教徒,奖励：获得1荣誉。,,workbench
Cultist RU,RU,邪教徒,奖励：获得1荣誉。,,workbench
Cultist RoV,RoV,邪教徒,奖励：获得1荣誉。,,workbench
Cultist SoS,,邪教徒,奖励：获得1荣誉。,,workbench
Dandelion Witch,RotF,蒲公英女巫,抽一张牌. 获得1荣誉以 每个命约英雄你 打出或 已打出本回合 (包括此牌).,,workbench
Dark Energy Shard,DU,黑暗能量碎片,天命： 每位玩家可以放逐一张卡牌在 其弃牌堆.,,workbench
Dark Gladiator,WoS,黑暗角斗士,获得2战力.,,workbench
Dark Monk,LGND,黑暗僧侣,"获得2战力.
联合: 抽一张牌.",,workbench
Darktome Librarian,Del,暗典图书管理员,"获得2洞察.
你可以从你的手牌或弃牌堆放逐一张卡牌.",小心，第六页会咬人。,workbench
Darkwalker,RoV,暗行者,"获得2战力.
充能 1E: 你可以从你的手牌或弃牌堆放逐一张卡牌.",,workbench
"David, Prophetic Guide",promo,大卫·预言向导,"抽三 卡牌, 然后放置两 卡牌从你的手牌放到你的牌库顶在 任意秩序.",,workbench
Daybreak Askara,DoC,破晓阿斯卡拉,"复制效果的 英雄打出本回合. 若英雄曾是圣贤, 复制该 英雄之效果额外的次. 此效果不能是 被复制.",,workbench
Deadeye Assassin,WoS,死眼刺客,"获得3战力.
你弃牌堆中的每张虚空卡牌使你额外获得 1 战力.",,workbench
Death's Widow,VotA,死亡寡妇,奖励：获得2荣誉. 每位对手须摧毁一个神器其控制的. 抽一张牌以 每位对手该 做了不 摧毁一个神器以此方式.,,workbench
Deathbound Druid,RU,缚死德鲁伊,"获得3荣誉.
你可以从你的弃牌堆放逐一张卡牌.",,workbench
Deathdealer Noble,RU,死神贵族,"获得2战力.
多重联合： 获得1战力.",,workbench
Deathfinder,DoC,寻死者,"奖励： 获得2荣誉. 你可以从你的手牌或弃牌堆放逐一张卡牌.
集结: 虚空.",,workbench
Deathseeker,RotF,寻死者,"获得2战力. 若此 为被放逐从你的手牌或 弃牌堆, 获得3荣誉.",,workbench
Deathsworn Warrior,IH,誓死战士,天命： 每位玩家可以放逐一张卡牌从其手牌或 弃牌堆.,,workbench
Deceitful Ghoul,WoS,欺诈食尸鬼,奖励：获得2荣誉.,,workbench
Deep Drone,promo,深潜无人机,获得2符文. 放置下一神器你 获取本回合直接进入战场.,,workbench
Defender of Vigil,promo,防御者祈夜,"获得2符文和 2战力.
本回合你打出或已打出的每张学徒各获得1符文.
本回合你打出或已打出的每张民兵各获得1战力.",,workbench
Defense Generator,RU,防御发生器,"每回合一次，当你获取机械卡牌, 获得2战力.",,workbench
Delirium Nymph,Del,谵妄宁芙,"获得1符文.
联合： 抽 2 张牌. (获得此效果一次若 你打出或 已打出另一命约英雄本回合.)",,workbench
Delirium Pixies,Del,谵妄小仙,奖励：获得2荣誉和 3符文.,来和我们玩吧。,workbench
Deluding Djinn,DS,欺瞒灯神,"奖励： 获得5荣誉.
你可以花费I视为P以击败此.",,workbench
Deluge Elemental,GotE,洪水元素,"奖励：获得 6 荣誉。
你可以放逐至多四张位于手牌、牌库、弃牌堆和/或本回合已打出区域的卡牌。若如此做，将你的牌库洗牌。",,workbench
Deluxe Capacitor,DS,豪华电容,"你可以视为梦神器作为如同他们为 机械神器.
每回合一次，当你 打出机械神器 (包括此牌), 抽一张牌.",,workbench
Demon Hunter,Dlvr,恶魔猎手,"当此 为在你的手牌中, 你可以支付 8洞察以 转化它 置入恶魔大师.
获得2战力.",好的。坏的。试试带剑的那个。,workbench
Demon Master,Dlvr,恶魔大师,获得5战力. 你可以从你的手牌或弃牌堆放逐一张卡牌.,活儿很难，但气味更糟。,workbench
Demon Pups,Del,恶魔幼崽,"奖励：获得1荣誉. 抽一张牌. 然后, 你可以支付 1洞察以 额外抽一张牌.",我只是想摸一下！,workbench
Demon Slayer,CotG,恶魔杀手,获得3战力。,,workbench
Demon Slayer 10TH,CotG10,恶魔杀手,获得3战力。,,workbench
Dendris the Gladewyrm,DU,登德里斯林间巨虫,"获得2符文, 2战力, 和 2荣誉.
充能 3E: 获得额外的 2符文, 2战力, 和 2荣誉.",,workbench
Deranged Aspirant,GotE,发狂追求者,"赋力
你可以从你的手牌或弃牌堆放逐一张卡牌.",,workbench
Deranged Dirge,VotA,发狂挽歌,"每回合一次，获得1战力.
你可以摧毁此 以从你的手牌或弃牌堆放逐一张卡牌.",,workbench
Destroyer's Gate,promo,毁灭者之门,经过一段时间后，此牌会转化成某种很厉害的东西！,,workbench
Deviant Fiend,RoV,畸变邪魔,"奖励： 获得3荣誉.
充能： 获得额外的 1荣誉以 每个 1E你拥有已获得本回合.",,workbench
Dhartha,DoC,达萨,+1：每当你从中央牌列获取或击败圣贤卡牌时，获得 1 名望。,,workbench
Dhartha's Retreat,RotF,达萨的隐修处,"若你如此做，不获取或 击败卡牌在 你的回合, 你可以抽两 额外的卡牌在 结束时你的回合.",,workbench
Dhartha's Trial,GotE,达萨的试炼,"每回合一次，若你 已打出秘教士或 重装步兵, 抽一张牌.
支付 8符文: 将此牌转化为达萨, 永恒预言者并获取它.",,workbench
"Dhartha, Dream Master",Dlvr,达萨·梦大师,"幻象 - 当此 为在中央牌列, 你可以支付 9洞察以 放逐和 打出此.
获取一个卡牌在中央牌列无需支付费用，并将其放入你的手牌.",,workbench
"Dhartha, Eternal Seer",GotE,达萨·永恒预言者,抽四张牌.,,workbench
"Dhartha, Master of Sight",DoC,达萨·大师视界,你可以放逐此牌或 卡牌在你的手牌中. 若你如此做，无需支付费用获取秘教士或重装步兵，并将其放入你的手牌.,,workbench
"Dhartha, Mechamonk",Del,达萨·机械僧,"每回合一次，当你 打出机械神器 (包括此牌), 你控制的每件机械神器各抽一张牌.",,workbench
"Dhartha, the Eternal",RU,达萨·永恒,"展示传送门牌库顶的卡牌. 获取或 击败该 卡牌无需支付费用.
多重联合： 你可以重复此.",,workbench
Dimension Diver,RotF,维度潜者,获得2符文. 你可以将所有神器作为机械神器本回合.,,workbench
Dimension Monk,Del,维度僧侣,"抽一张牌.
你可以支付 1洞察以 再次发生. (获得效果列出的上方额外的次. 你可以只再次发生一次.)",,workbench
Disciple of Cetra,RU,之徒·塞特拉,"当此 为在你的手牌中, 若你 已打出另一命约英雄本回合, 将此牌转化为后裔· 塞特拉.
获得1符文和 1荣誉.",,workbench
Disciple of Emri,RU,之徒·艾姆瑞,"当此 为在你的手牌中, 若你 已打出另一虚空英雄本回合, 将此牌转化为后裔· 艾姆瑞.
获得1战力.
你可以从你的弃牌堆放逐一张卡牌.",,workbench
Disciple of Euloth,RU,之徒·尤洛斯,"当此 为在你的手牌中, 若你 已打出另一机械英雄本回合, 将此牌转化为后裔· 尤洛斯.
获得1符文和 1战力.",,workbench
Disciple of Oziah,RU,之徒·奥齐亚,"当此 为在你的手牌中, 若你 已打出另一圣贤英雄本回合, 将此牌转化为后裔· 奥齐亚.
击败一个怪物以 费用 3战力或更低无需支付费用.",,workbench
Divine Askara,Del,神圣阿斯卡拉,"复制本回合打出的一张英雄的效果。
你可以支付 3洞察以 复制所选效果两次改为.
此效果不能是 被复制.",,workbench
Dogs of War,WoS,犬战争,"获得1战力.
你可以从你的手牌或弃牌堆放逐一张卡牌. 若你如此做，获得额外的 1战力.",,workbench
Doom Weeper,RotF,末日哀泣者,奖励：获得2荣誉. 获得2符文.,,workbench
Dread Conjurer,WoS,恐惧咒术师,抽一张牌.,,workbench
Dreadmage,Dlvr,恐惧法师,"奖励：获得2荣誉和 抽两张牌. 梦缚: 4洞察.(当你击败此, 你可以支付其 梦缚费用. 若你如此做，放置此 在你的弃牌堆. 当你 打出此, 获得其奖励.)",,workbench
Dreadmare,Del,惧马,奖励：获得4荣誉和 3洞察.,一日一魂，惧马远离。,workbench
Dream Anchor,Dlvr,梦锚,"掠夺 - 每回合一次，若你 获取卡牌和 击败一个怪物,两者在中央牌列, 获得2洞察.",,workbench
Dream Chamber Disciples,Dlvr,梦室门徒们,"抽一张牌。
宁静：获得 2 洞察。（若你的弃牌堆没有卡牌，则获得此效果。）",亚哈教导我们：假以时日，一切传统都会在原则的重压下崩裂。,workbench
Dream Dealer,Del,梦交易者,"抽一张牌, 然后放逐中央牌列的一张卡牌. 然后, 若存在圣贤, 命约, 机械, 和虚空卡牌在中央牌列, 掷谵妄骰.",,workbench
Dream Eater,Del,梦吞噬者,奖励：获得2荣誉和 1洞察.,梦很痛苦，现实却是酷刑。,workbench
Dream Guide,Del,梦向导,获得2符文和 1洞察.,在世界边缘，她是通往彼岸一切的向导。,workbench
Dream Lab,DS,梦实验室,你可以支付 1符文少支付以 获取神器在中央牌列.,,workbench
Dream Machine,SoS,梦机器,"天命： 当梦 机器进入中央牌列, 每位玩家可以返回神器其控制的以 其手牌.",,workbench
Dream Stone,Del,梦石,你可以放逐此牌以 掷谵妄骰.,凝视本可能发生之事，以及或许将至之事。,workbench
Dream Titan,Dlvr,梦泰坦,奖励：获得6荣誉.,金色巨人，高过群山，静如大海。,workbench
Dream Tyrant,Dlvr,梦境暴君,奖励：获得5荣誉和 5洞察.,金色巨人，高过群山,workbench
Dreamer's Glass,SoS,梦者琉璃,"每回合一次，你可以放置卡牌从你的手牌此牌下方 面朝上.
若你如此做，抽一张牌.
当梦者琉璃离开打出或 游戏结束, 放置所有卡牌其下它 置入你的弃牌堆.",,workbench
Dreamkiller,DS,弑梦者,获得2战力和 1洞察.,,workbench
Dreamscape Diviner,Del,梦境占卜者,获得2洞察.,你确定想知道吗？,workbench
Dreamscape Dryad,Del,梦境树灵,"获得3荣誉.
你可以支付 3洞察以 再次发生. (获得效果列出的上方额外的次. 你可以只再次发生一次.)",,workbench
Dreamscarred Hunter,Dlvr,梦痕猎手,"抽一张牌.
掠夺 - 此回合, 若你 获取卡牌和 击败一个怪物,两者在中央牌列, 获得3荣誉.",你确定想知道吗？,workbench
Dreamseeker Start,Dlvr,寻梦者,获得1洞察和 抽一张牌.,梦能成事，亦能毁事。,workbench
Dreamshaper Jesse,DS,塑梦者杰西,获取顶部卡牌的 梦牌库无需支付费用.,,workbench
Dreamwalker,Dlvr,梦行者,"放逐中央牌列的一张卡牌.
若它 为被替换被 怪物, 获得2洞察.
若它 为被替换被 英雄, 获得2荣誉.
若它 为被替换被 神器, 抽 2 张牌.",你确定想知道吗？,workbench
Dreamwillow,DS,梦柳,"每回合一次，获得1符文.
每回合你首次打出命约英雄时, 获得1洞察.",,workbench
Dreamwillow Druids,DS,梦柳德鲁伊,选择一项：获取一个英雄以 费用 5符文或更低无需支付费用; 或将一张卡牌加入你的梦境.,,workbench
Driller Mark IV,IH,钻机型号IV,"每回合一次，当你 打出机械神器 (包括此牌), 获得灵魂宝石.",,workbench
Druid's Wreath,RU,德鲁伊花环,"若你打出过两 或更高命约英雄本回合, 将此牌转化为翠绿冠冕.",,workbench
Druids of the Stone Circle,CotG,石环德鲁伊,无需支付费用获取一个费用不高于3符文的英雄。将其放到你的牌库顶。,,workbench
Druids of the Stone Circle 10TH,CotG10,石环德鲁伊,无需支付费用获取一个费用不高于3符文的英雄。将其放到你的牌库顶。,,workbench
Dust to Dust,DS,尘土归于尘土,摧毁所有神器你的对手控制.,,workbench
Earth Tyrant,CotG,大地暴君,奖励：获得5荣誉。抽两张牌。,,workbench
Earth Tyrant 10TH,CotG10,大地暴君,奖励：获得5荣誉。抽两张牌。,,workbench
Earthmender Pura,GotE,愈地者普拉,"获得3符文.
你可以放置怪物从你的手牌或 弃牌堆置入对手之弃牌堆.",,workbench
Eek Tribe Gremlin,GotE,伊克部落小妖,"奖励：获得 5 荣誉。
将虚空区中的一只怪物放入一名玩家的弃牌堆。感染：当你击败伊克部落小妖时，可以将其放入一名玩家的弃牌堆。",,workbench
"Elan, Soul Marshal",IH,埃兰·灵魂元帅,获得灵魂宝石. 抽一张牌.,,workbench
Elder Skeptic,SoS,长老怀疑者,"抽 2 张牌. 然后, 弃掉卡牌.",,workbench
Elemental Adept,SoS,元素能手,"抽一张牌.
若当前事件为 圣贤, 额外抽一张牌.
你可以放逐中央牌列的一张卡牌.",,workbench
Elemental Projector,GotE,元素投射器,"每回合一次，若你控制的两 或更高机械神器, 获得2战力.",,workbench
Emberwing Moth,WoS,烬翼蛾,奖励：获得5荣誉.,,workbench
Emissary of Dawn,DoC,使者黎明,获取一个英雄无需支付费用. 获得H等同于 其H值.,,workbench
Emma Ironheart,Del,艾玛铁之心,"获得3符文. 若你控制的两 或更高神器, 获得3战力.
你可以支付 3洞察以 再次发生.",,workbench
Emma's Mechannon,Dlvr,艾玛的机加农,每回合一次，获得1战力以 每个已转化机械神器你 控制.,「有人看见了吗？我在那座山上打了个洞！」——艾玛·铁心,workbench
Emma's Teletransmitter,Dlvr,艾玛的远传器,每回合一次，获得1荣誉以 每个已转化机械神器你 控制.,「要不是我需要帮忙，我干嘛打给你？」——艾玛·铁心,workbench
Emma's Voidcycler,Dlvr,艾玛的虚空循环器,每回合一次，获得1符文以 每个已转化机械神器你 控制.,「这就证明了。艾玛，你是个天才。」——艾玛·铁心,workbench
Emma's Workshop,Dlvr,艾玛的工坊,每回合一次，你可以转化机械神器无需支付费用.,「这地方快散架了。完美。」——艾玛·铁心,workbench
Emri's Sting,DoC,艾姆瑞的毒刺,"每回合一次，获得2战力.
当此牌进入战场时, 你可以从你的手牌或弃牌堆放逐一张卡牌.",,workbench
Emri's Trial,GotE,艾姆瑞的试炼,"中央牌列怪物击败费用降低 1 战力（最低 1 战力）.
支付 8符文: 将此牌转化为战生艾姆瑞并获取它.",,workbench
"Emri, Born of Battle",GotE,战生艾姆瑞,"获得4战力.
每回合一次，当你在中央牌列击败怪物时, 从每位其他玩家处各拿走 2 荣誉.",,workbench
"Emri, Demonsbane",RU,恶魔克星艾姆瑞,"获得5战力.
此回合, 你可以击败怪物在 虚空区作为穿过他们处于在中央牌列. 放置怪物被击败以此方式置于其底： 传送门牌库.",,workbench
"Emri, Lightbringer",Del,携光者艾姆瑞,在中央牌列击败一个怪物或 虚空区无需支付费用. 放置该 怪物置于其底： 传送门牌库.,,workbench
"Emri, One with the Void",CotG,与虚空合一的艾姆瑞,获得4战力。,,workbench
"Emri, One with the Void 10TH",CotG10,与虚空合一的艾姆瑞,获得4战力。,,workbench
"Emri, Shadowslayer",DS,斩影者艾姆瑞,"获得5战力.
你可以花费P视为I本回合.",,workbench
"Emri, Soulslayer",SoS,斩魂者艾姆瑞,天命： 每位玩家可以放逐 2 卡牌从其手牌和/或弃牌堆.,,workbench
"Emri, Soulstealer",Dlvr,窃魂者艾姆瑞,"获得5战力. 若那里为 10 或更高怪物在 虚空区, 获得10战力改为",又一日，又一半神。,workbench
"Emri, the Unmaker",RU,解构者艾姆瑞,"当此 为在你的手牌中, 若那里为 8 或更高怪物在 虚空区, 将此牌转化为恶魔克星艾姆瑞.
获得4战力.",,workbench
Endbringer Jora,VotA,终末使者乔拉,"获得3战力.
本回合每当你在中央牌列击败怪物时, 获得2符文.",,workbench
Ender of Days,promo,终日者,奖励：获得 10 荣誉。移除荣誉池中的全部荣誉。,,workbench
Energy Monk,IH,能量僧侣,获得2战力. 你可以返回神器你控制的以 你的手牌.,,workbench
Energy Shard,RoV,能量碎片,获得1E. 抽一张牌.,,workbench
Energy Shard Start,RoV,能量碎片,获得1E. 抽一张牌.,,workbench
Engulfing Kraken,DS,吞噬克拉肯,"奖励： 获得6荣誉. 拿取一张卡牌随机从 每位对手之梦境, 和将它们加入你的梦境.",,workbench
Enlightened Remnant,LGND,圣贤残响,"奖励：获得5荣誉.
若你已打出或已获取圣贤卡牌本回合, 抽两张牌.",,workbench
Entrophantasm,Dlvr,熵幻象,"获得1符文和 1洞察.
联合： 抽一张牌.(获得此效果：若 你打出或 已打出另一命约英雄本回合.)",你确定想知道吗？,workbench
Ephemeral Druid,DS,昙花德鲁伊,"获得5荣誉, 然后放逐此牌.",,workbench
Ephemeral Inventor,DS,昙花发明家,"获得3符文, 然后放逐此牌.",,workbench
Ephemeral Monk,DS,昙花僧侣,"抽 2 张牌, 然后放逐此牌.",,workbench
Ephemeral Ritualist,DS,昙花祭仪师,"获得4战力, 然后放逐此牌.",,workbench
"Erabus, Son of Nyx",DU,埃拉布斯·之子尼克斯,击败一个怪物在 虚空区无需支付费用和 将它放置置于其底： 传送门牌库.,,workbench
"Erabus, the Exiled",DU,埃拉布斯·流放者,"若你打出过黑暗能量碎片本回合, 你支付 2战力少支付以 击败此.
奖励： 将此牌转化为埃拉布斯, 之子的 尼克斯，并将其放入你的手牌.",,workbench
Eternal Askara,RotF,永恒阿斯卡拉,"放逐中央牌列的一张卡牌. 若你 放逐怪物以此方式, 获得3荣誉.",,workbench
Eternal Tormentor,promo,永恒折磨者,击败一个随机怪物在 虚空区无需支付费用s和将它放置置于其底： 传送门牌库.,,workbench
Ethereal Huntress,promo,空灵女猎手,"获得3战力.
你可以放置怪物从虚空区在 顶部的 传送门牌库.",,workbench
Everbloom,SoS,永绽,每回合一次，获得1 荣誉.,,workbench
Everbloom Clique,RU,永绽小圈子,"获得2荣誉.
多重联合： 获得1荣誉.",,workbench
Everbloom Witch,WoS,永绽女巫,"获得3荣誉.
联合： 获得3荣誉.",,workbench
"Evvy, Ogo's Gift",Del,艾薇·奥戈的馈赠,"获取一个英雄无需支付费用和 将它放置放到你的牌库顶.
你可以3洞察以 再次发生. (获得效果列出的上方额外的次. 你可以只再次发生一次.)",,workbench
Excavation Sentry,VotA,发掘哨兵,"获得2战力.
将你牌库顶的牌放入弃牌堆, 然后你可以从你的手牌或弃牌堆放逐一张卡牌.",,workbench
Excavator Pilot,VotA,挖掘机驾驶员,"获得2符文.
若你控制的两 或更高神器, 获得1L.",,workbench
Exhaust Lurker,DoC,废气潜伏者,奖励： 获得5荣誉. 每位对手摧毁神器其控制的以 每个神器你控制的.,,workbench
Explosive Swarm,promo,爆裂虫群,奖励：获得 4 荣誉。当相邻的非怪物卡牌将被替换时，改为用此怪物的复制替换它。,,workbench
Eye of Destiny,SoS,命运之眼,"每回合一次，当你获取一个英雄, 你可以将其放入你的手牌.",,workbench
Eye of Potential,,潜能之眼,每回合一次，你可以从你的手牌放逐一张卡牌. 若你如此做，无需支付费用获取秘教士或重装步兵，并将其放入你的手牌.,,workbench
Faerie Commander,Dlvr,仙灵指挥官,"获得2符文. 下次你获取中央牌列的一张英雄本回合, 获得2战力.",人们在森林里发现他时，他已死于无数细小的伤口。,workbench
Fallen Fae,LGND,堕落者仙灵,"获得2战力.
联合: 获得1荣誉.",,workbench
Fanatic SoS,SoS,狂信者,奖励：获得2荣誉。,,workbench
Fatality Blades,DS,致命双刃,"每回合一次，获得1战力.
每回合一次，当你在中央牌列击败怪物时, 获得1洞察.",,workbench
Fear Wielder,DS,恐惧持有者,"获得3战力.
本回合下次你在中央牌列击败怪物时, 将一张卡牌加入你的梦境.",,workbench
Fen Maw,DS,沼巨口,奖励： 获得3荣誉. 获得2洞察.,,workbench
Ferromancer's Helper,,铁术师助手,获得2符文. 你可以放置神器你控制的置入你的弃牌堆. 若你如此做，获得2战力.,,workbench
Fettered Soul,SoS,枷锁灵魂,奖励：获得2荣誉. 你可以放逐中央牌列的一张卡牌.,,workbench
Fire Tyrant,RotF,火焰暴君,奖励：获得6荣誉. 每位对手须弃掉卡牌.,,workbench
Firestorm Effigy,RoV,火暴偶像,"奖励： 获得3荣誉. 你可以从你的手牌或弃牌堆放逐一张卡牌.
充能 1E: 你可以放逐额外的卡牌在你的手牌或弃牌堆.",,workbench
Fist of the Dragon,VotA,拳龙,"抽一张牌. 放逐中央牌列的一张卡牌. 若进入中央牌列的下一张牌是怪物, 击败它 无需支付费用.",,workbench
Flanking Askara,VotA,侧击阿斯卡拉,"抽一张牌.
复制效果的 下一英雄你 打出本回合以 费用 3符文或更低.",,workbench
Flare Tracker,WoS,闪光追踪者,"获得2符文.
若你打出或已打出神射追踪者本回合, 抽一张牌.",,workbench
Fleeting Hope Djinn,DS,飞逝希望灯神,奖励： 获得5荣誉. 加入两卡牌以 你的梦境.,,workbench
Flourishing Druidess,GotE,繁盛女德鲁伊,"赋力
获得2符文. 若你 拥有更多H于每个其他玩家, 获得额外的 1符文.",,workbench
Flytrap Fairy,DS,捕蝇草妖精,"获得1符文, 1荣誉, 和 1洞察.",,workbench
Flytrap Staff,DoC,捕蝇草法杖,"每回合一次，若你 已打出两 或更高命约卡牌 (包括此牌), 获得2荣誉.",,workbench
Flytrap Witch,CotG,捕蝇草女巫,获得2荣誉。抽一张牌。,,workbench
Flytrap Witch 10TH,CotG10,捕蝇草女巫,获得2荣誉。抽一张牌。,,workbench
Foresight Monacle,RoV,预见单片镜,充能 4E: 本回合一次， 获得1符文以 每个机械神器你控制的.,,workbench
Forest Emissary,LGND,森林使者,"抽一张牌.
联合-使者: 获得2荣誉. (获得此效果一次若 你打出或 已打出另一使者本回合.)",,workbench
Forgemaster's Suit,VotA,锻主的套装,"每回合一次，当你 打出机械神器 (包括此牌) 或若 你控制的神殿, 获得1荣誉.",,workbench
Forgemother Reysa,GotE,锻母雷萨,选择一项：抽一张牌，或获取中央牌列任意数量的神器无需支付其费用.,,workbench
Forgotten Scripture,RU,遗忘经文,"若你打出过两 的更多圣贤英雄本回合, 将此牌转化为真言的 真正视界.",,workbench
"Forrest, Beastwarden",promo,福雷斯特·兽卫,"获得2符文.
本回合一次， 你可以获取一个英雄在 虚空区视为在中央牌列.",,workbench
Foul Replicant,,污秽复制体,"奖励：获得 4 荣誉。
持续战利品：每回合一次，选择一件你控制的神器。本回合此牌获得所选神器的文字效果。",,workbench
Foundation Burrower,RU,根基钻地者,奖励： 获得1荣誉. 你可以放逐中央牌列的一张卡牌.,,workbench
Foundry Hound,WoS,铸造厂猎犬,"每回合一次，若你 打出机械神器 (包括此牌) 或若 它为 昼, 获得2符文.",,workbench
Garden Attendant,DS,园丁侍从,"获得1洞察.
抽一张牌.",,workbench
Gearseer,Dlvr,齿轮预言者,"幻象 - 当此 为在中央牌列, 你可以支付 6洞察以 放逐和 打出此.
获得3符文.",天才与疯狂的唯一差别，在于执行。,workbench
Gem-Eater Leprechaun,DU,噬晶小矮妖,获得2符文和 2E.,,workbench
Gemcatcher Spirit,DU,捕晶者精魂,"充能 2E: 将此牌转化为异界向导. (忽略此牌的其余卡牌之效果.)
抽一张牌.",,workbench
Genesis Capsule,DoC,创世舱,"每回合一次，当你获取命约英雄或 机械神器, 你可以将它放置放到你的牌库顶.",,workbench
Giant Rat,promo,巨鼠,"置于巨鼠下方的任何卡牌，在巨鼠被放逐或击败之前，不能被获取、放逐或击败。
奖励：获得 1 荣誉。",,workbench
"Glover, Dream Titan",Del,格洛弗·梦泰坦,奖励：获得7荣誉. 选择一名玩家和 拿取所有的 其I和随机卡牌从其手牌. 加入该卡牌以 你的手牌.,,workbench
Gnome Repairbot,DoC,侏儒修理机,每回合一次，你可以放置机械神器从 你的弃牌堆放到你的牌库顶.,,workbench
Grand-Arbiter Todd,GotE,大仲裁者托德,"赋力
抽两张牌.
从你的手牌放逐一张卡牌. 若你 被放逐怪物以此方式, 额外抽一张牌.",,workbench
Granger,SoS,农夫,获得1符文和 1荣誉. 联合： 获得1符文和 1荣誉.,,workbench
Grave Golem,VotA,坟墓魔像,奖励：获得4荣誉. 每位对手展示顶部卡牌的 其牌库和 放置它 置入其弃牌堆. 选择一个英雄已展示以此方式和 复制其效果.,,workbench
Grease Monk,SoS,油污僧侣,获得1符文. 你可以支付 1 符文更低下次你获取神器本回合.,,workbench
Great-Omen Raven,RotF,大兆乌鸦,"命名卡牌. 展示你牌库顶的卡牌，并将其放入你的手牌. 若它 为被命名为卡牌, 获得3荣誉.",,workbench
Green Spritelings,Dlvr,绿小精灵,"幻象 - 当此 为在中央牌列, 你可以支付 4洞察以 放逐和 打出此.
获得3荣誉.",你确定想知道吗？,workbench
Growmites,IH,增生螨,"奖励：获得2荣誉. 持续战利品： 当你击败另一增生螨, 获得2荣誉.",,workbench
Guardian of Sadranis,RotF,守卫萨德拉尼斯,"获得1战力. 下次你在中央牌列击败一个怪物或 虚空区本回合, 获得2荣誉.",,workbench
Guide of Lost Souls,DoC,迷途灵魂向导,你可以从你的手牌或弃牌堆放逐一张卡牌. 若你如此做，将其替换为 秘教士或 重装步兵.,,workbench
Hearthglow Clique,GotE,炉辉小圈子,"赋力
获得2符文和 2荣誉.
联合： 抽一张牌.",,workbench
Heavy Infantry,,重装步兵,获得2战力。,,workbench
Heavy Infantry 10TH,,重装步兵,获得2战力。,,workbench
Heavy Infantry RU,RU,重装步兵,获得2战力。,,workbench
Heavy Infantry RoV,RoV,重装步兵,获得2战力。,,workbench
Heavy Infantry SoS,,重装步兵,获得2战力。,,workbench
Hectic Scribe,RotF,忙乱书记,"抽两张牌, 然后弃掉两 卡牌.",,workbench
Hedron Berserker,DS,多面体狂战,"获得3符文或 3战力. 若你控制的三 或更高神器, 获得两者改为.",,workbench
Hedron Cannon,CotG,多面体加农,每回合一次，你每控制一个机械神器，获得1战力。,,workbench
Hedron Cannon 10TH,CotG10,多面体加农,每回合一次，你每控制一个机械神器，获得1战力。,,workbench
Hedron Dredger,DU,多面体挖掘者,"每回合一次，若你控制的三 或更高机械神器, 你可以充能神器你控制的.",,workbench
Hedron Flare,promo,多面体闪耀,每回合一次，你可以获取机械英雄在中央牌列无需支付费用.,,workbench
Hedron Link Device,CotG,多面体连接装置,你可以将所有神器视为机械神器。,,workbench
Hedron Link Device 10TH,CotG10,多面体连接装置,你可以将所有神器视为机械神器。,,workbench
Hedron Pyromaniac,IH,多面体纵火狂,获得2符文. 你可以摧毁一个神器你控制的以 获得灵魂宝石.,,workbench
Hedron Rising,SoS,多面体崛起,"所有神器也视为机械神器。
事件战利品：当你控制的神器将被摧毁时，你可以防止其被摧毁。",,workbench
Hedron Watchtower,RU,多面体瞭望塔,"每回合一次，当你获取机械卡牌, 获得H等同于 该卡牌之H值.",,workbench
Hellfrost Imps,VotA,狱霜小恶魔,奖励：获得2荣誉. 你可以无需支付费用击败中央牌列名为狱霜小恶魔的怪物.,,workbench
Hellstring Blades,LGND,狱弦双刃,奖励：获得5荣誉. 选择和 摧毁至多两 神器在打出.,,workbench
Herald of Doom,RoV,先驱末日,"奖励： 获得6荣誉. 获取或 击败卡牌在中央牌列无需支付费用.
充能 7E: 改为， 获取和 击败所有卡牌在中央牌列无需支付费用.",,workbench
Hoarding Tyrant,SoS,囤积暴君,奖励：4荣誉. 战利品： 获得2符文.,,workbench
Hoarding Whelp,SoS,囤积幼龙,奖励：2荣誉. 战利品： 获得1战力.,,workbench
Honey Siren,SoS,蜜海妖,"天命： 当蜜 海妖进入中央牌列, 每位玩家可以放置英雄从 其弃牌堆在 顶部的 其牌库.",,workbench
Honiskrot Chieftain,DU,霍尼斯克洛特酋长,获得3符文.,,workbench
Honiskrot Tribesman,DU,霍尼斯克洛特部族人,"充能 2E: 将此牌转化为霍尼斯克洛特酋长. (忽略此牌的其余卡牌之效果.)
获得1符文.",,workbench
Hulking Crab,DS,庞大蟹,奖励：获得 4 荣誉。每位对手摧毁其神器数量的一半（向上取整）。,,workbench
"Hurras, Sea's Fury",VotA,胡拉斯·海之狂怒,奖励：获得4荣誉. 获得1L和 1D.,,workbench
Hurricane Warlock,LGND,飓风术士,奖励：获得2荣誉. 抽一张牌.,,workbench
ID34 Detector,DS,ID34探测器,"每回合一次，当你 打出机械神器 (包括此牌), 获得1洞察.",,workbench
Iku's Minions,VotA,伊库的爪牙,"若你控制神殿，击败费用降低 2.
奖励：获得4荣誉. 你可以从你的手牌或弃牌堆放逐一张卡牌.",,workbench
"Iku, Valley Tyrant",VotA,山谷暴君伊库,"此费用为 2战力少支付以 击败以 每个神殿你控制的.
奖励：获得8荣誉.",,workbench
Illiya the Demonborn,RoV,伊利亚魔生,"获得4战力.
充能： 获得额外的 1战力以 每个 1E你拥有已获得本回合.",,workbench
Illuminator,WoS,照明者,昼：每回合一次，获得 1 符文和 1 战力,,workbench
Imaginative Matron,DS,想象主母,"抽一张牌，然后弃一张牌。
联合：从你的弃牌堆将一张牌收回手牌。",,workbench
Inferna Templar,Del,炼狱圣殿武士,"抽一张牌.
若你控制的两 或更高神器, 额外抽一张牌.",,workbench
Initiate's Gauntlets,RU,新兵的护手,"若你打出过两 或更高虚空英雄本回合, 将此牌转化为黑暗之握.",,workbench
Innovative Aspirant,GotE,创新追求者,"赋力
获得1符文和 1战力.",,workbench
Inquarry Hydra,DS,采石九头蛇,每回合一次，获得1洞察以 每个机械神器你控制的 (包括此牌).,,workbench
Inspired Templar,WoS,受启圣殿武士,击败一个怪物以 费用 4战力或更低无需支付费用.,,workbench
Invokist,Dlvr,祈唤师,"幻象 - 当此 为在中央牌列, 你可以支付 4洞察以 放逐和 打出此.
获得3战力.","恐惧有一张脸。
让我指给你看。",workbench
Iron Elemental,GotE,铁元素,"获得 2 符文。
若此牌在你回合中从任何区域被放逐，获得 2 符文。",,workbench
Ironheart Blueprint,Dlvr,铁之心蓝图,"你可以支付 15洞察以 将此牌转化为铁之心.
每回合一次，获得1洞察以 每个机械神器你 控制.",,workbench
Ironheart Engine,LGND,铁之心引擎,"每回合一次，当你 打出机械神器 (包括此牌), 获得3符文.",,workbench
"Isha, the Pursuer",WoS,伊莎·追猎者,"获得3战力.
下次你击败一个怪物本回合, 获得R等同于 被击败怪物之P费用.",,workbench
"Isla, Serene Prodigy",VotA,伊斯拉·宁静神童,"无需支付费用获取中央牌列的一张英雄或神器。
将伊斯拉·宁静神童与你的弃牌堆洗入你的牌库。",,workbench
"Jakeb, Cobra King",DU,杰克布·眼镜蛇王,"获得6荣誉.
当你 获得荣誉从 另一卡牌本回合, 获得两次该 等量的荣誉改为.",,workbench
"Jakeb, Cobra Shaman",DU,杰克布·眼镜蛇萨满,"充能 4E: 将此牌转化为杰克布, 眼镜蛇王. (忽略此牌的其余卡牌之效果.)
获得3荣誉.",,workbench
Journeyman Outrider,RU,旅者先驱骑手,获取一个英雄或 神器以 费用 5符文或更低无需支付费用.,,workbench
Journeyman Sage,promo,旅者贤者,"天命： 当此牌进入中央牌列时, 每位玩家可以放逐英雄在其手牌中以 获取秘教士或 重装步兵和 加入其手牌.",,workbench
Jubilant Monk,VotA,欢庆僧侣,"展示你牌库顶的卡牌，并将其放入你的手牌. 重复此效果直到你 展示卡牌其他于 秘教士, 重装步兵, 或圣贤卡牌.",,workbench
K-YL3 Repairbot,VotA,K-YL3修理机,"每回合一次，当你 打出机械神器 (包括此牌) 或若 你控制的神殿, 抽一张牌.",,workbench
"Kan'zir, the Ravager",VotA,坎齐尔·毁灭者,奖励：获得 5 荣誉。每位对手失去所有神殿的控制，并摧毁其控制的所有神器。,,workbench
Karion,Del,卡里昂,奖励：获得5荣誉和 10洞察.,梦境之门已腐化，是横跨两界的炼狱伤口。,workbench
Keen-eyed Aspirant,GotE,锐眼追求者,"赋力
获得1符文和 1荣誉.",,workbench
Keeper of Secrets,VotA,看守秘密,"从你的手牌放逐一张卡牌，并将其替换为 秘教士或 重装步兵.
若你打出或已打出秘教士和 重装步兵本回合, 获得1D.",,workbench
"Kiri, Meadow Witch",GotE,基莉·草地女巫,"抽一张牌.
联合： 获得5荣誉.",,workbench
Kor,DoC,科尔,+1：每当你从中央牌列获取或击败机械卡牌时，获得 1 名望。,,workbench
"Kor, Worldbreaker",Del,科尔·碎界者,"获得 2 符文并抽一张牌。
若你本回合打出或已打出至少两张其他命约英雄，获得 6 战力。",,workbench
"Kor, the Ferromancer",CotG,铁术师科尔,获得2战力. 抽一张牌若 你控制的 2 或更高神器.,,workbench
"Kor, the Ferromancer 10TH",CotG10,铁术师科尔,获得2战力. 抽一张牌若 你控制的 2 或更高神器.,,workbench
"Kor, the Ironmind",DoC,科尔·铁心,"获得2符文和 2战力.
若你控制的两 或更高神器, 抽一张牌.",,workbench
Korpse Maker,LGND,尸科尔制造者,"每回合一次，当你 打出机械神器 (包括此牌), 获得2战力.",,workbench
"Kythis, Rebel Godling",IH,凯西斯·反叛神子,奖励：8 荣誉。持续战利品：每回合一次，获得灵魂宝石。,,workbench
"Kythis, Rebel Godling v2",IH,叛神子凯西斯,奖励：8荣誉. 持续战利品： 每回合一次，获得灵魂宝石.,,workbench
"Kythis, the Gatekeeper",promo,守门人凯西斯,"当凯西斯进入中央牌列, 拿取传送门牌库顶的卡牌和 放置它 面朝下置于其下他.",,workbench
Lagoon Troll,RoV,潟湖巨魔,奖励： 获得2荣誉. 抽一张牌.,,workbench
Landis' Potions & Pies,LGND,兰迪斯的药剂与馅饼,"每回合一次，获得1荣誉.
联合: 获得1符文.",你确定想知道吗？,workbench
Landtalker,CotG,大地说书人,获得3符文。,,workbench
Landtalker 10TH,CotG10,大地说书人,获得3符文。,,workbench
Legend - Cetra,LGND,传奇：塞特拉,本回合一次， 你可以放置英雄从 你的弃牌堆放到你的牌库顶.,,workbench
Legend - Emri,LGND,传奇：艾姆瑞,本回合一次， 获得2战力.,,workbench
Legend - Kor,LGND,传奇：科尔,本回合一次， 获得2符文.,,workbench
Legend - Master Dhartha,LGND,传奇：达萨大师,本回合一次， 抽一张牌.,,workbench
Legend - Naira,LGND,传奇：奈拉,本回合一次， 获得2荣誉.,,workbench
Legend - Naka,LGND,传奇：纳卡,本回合一次，你可以放逐一张本回合已打出的卡牌。,,workbench
Legend - P.R.I.M.E.,LGND,传奇：P.R.I.M.E.,本回合一次， 你可以返回神器从 你的弃牌堆以 你的手牌.,,workbench
Legend - Ulu,LGND,传奇：乌鲁,本回合一次，在另一派系获得 1 点声望。,,workbench
Legendary Boon - Enlightened,LGND,传奇恩赐：圣贤,获取或 击败任意圣贤卡牌从 中央牌列无需支付费用.,,workbench
Legendary Boon - Lifebound,LGND,传奇恩赐：生命,获取或 击败任意命约卡牌从 中央牌列无需支付费用.,,workbench
Legendary Boon - Mechana,LGND,传奇恩赐：机械,获取或 击败任意机械卡牌从 中央牌列无需支付费用.,,workbench
Legendary Boon - Void,LGND,传奇恩赐：虚空,获取或 击败任意虚空卡牌从 中央牌列无需支付费用.,,workbench
Legion of Aklys,WoS,军团阿克里斯,若中央牌列的所有卡牌都是夜卡，,,workbench
Leotan's Familiar,RoV,莱奥坦的使魔,"获得1符文.
充能 1E: 获得2荣誉.",,workbench
Leprechaun,promo,小矮妖,获得2符文. 获取一个罐的 金从彩虹尽头或 从另一名玩家的控制.,,workbench
Library Familiar,DoC,图书馆使魔,"每回合一次，当你 打出圣贤神器或 机械神器 (包括此牌), 抽一张牌.",,workbench
Lieutenant Duros,WoS,副官杜洛斯,奖励：获得4荣誉.,,workbench
Lifebound Initiate,CotG,命约新兵,获得1符文和1荣誉。,,workbench
Lifebound Initiate 10TH,CotG10,命约新兵,获得1符文和1荣誉。,,workbench
Lifebound Muse,RoV,生命缪斯,"获取一个英雄以 费用 4符文或更低无需支付费用.
充能 2E: 改为， 获取任意英雄无需支付费用.",,workbench
Lifebound Remnant,LGND,生命残响,"奖励：获得3荣誉.
若你已打出或已获取命约卡牌本回合, 获得额外的 2荣誉.",,workbench
Light of False Hope,WoS,光虚假希望,奖励：获得4荣誉.,,workbench
Lionheart,SoS,狮心,获得3荣誉. 联合： 抽一张牌.,,workbench
"Loa, Dream Dragon",Del,洛阿·梦龙,掷谵妄骰。,他的灵魂，借梦境显现。,workbench
"Loa, Sleeping Dragon",DS,洛阿·沉睡龙,"获得3洞察.
抽一张牌.",,workbench
Loam Summoner,DS,沃土召唤师,"将一张卡牌加入你的梦境.
你可以从你的手牌或弃牌堆放逐一张卡牌.",,workbench
Loamspeaker Druid,RoV,沃土语者德鲁伊,"天命： 当此牌进入中央牌列时, 以每个宝藏此牌下方,",,workbench
Lotus Siren,promo,莲花海妖,"获得2符文.
每当你获取一个英雄或 宝藏卡牌从中央牌列本回合, 已获取的每张卡牌各获得1荣誉。",,workbench
Lunar Embrace,DS,月拥抱,此回合你可以花费R视为P.,,workbench
Lunar Guardian,WoS,月守卫,获得2符文.,,workbench
Lunar Matriarch,promo,月女族长,"获得5荣誉.
本回合一次， 你可以支付至多 5符文以 获得该等量的H.",,workbench
Lunar Pack,DS,月兽群,"获得2符文.
联合： 获得2洞察.",,workbench
Lunar Stag,RotF,月鹿,获得2符文或 2荣誉.,,workbench
"Luro, the Hunter",WoS,卢罗·猎手,获得3符文.,,workbench
Lycan Fang,LGND,狼化人牙,获得2符文.,,workbench
Lychan Beast,Dlvr,狼化野兽,获得3符文和 3战力.,他们永远看不见我来。,workbench
Lychan Ranger,Dlvr,狼化游侠,"当此 为在你的手牌中, 你可以支付 6洞察以 转化它 置入狼化野兽.
获得2符文和 2战力.",,workbench
Madness' Embrace,GotE,疯狂之拥,"每回合一次，若你 拥有被在中央牌列击败怪物, 你可以从你的手牌或弃牌堆放逐一张卡牌.",,workbench
Magnet Monk,RoV,磁僧侣,"获得2战力.
获得1E以每个派系在你控制的神器之中.",,workbench
Mammoth Beetle,Del,巨甲虫,奖励：获得3荣誉. 每位对手摧毁神器其控制的. 你可以支付 1洞察以 拥有每位对手摧毁额外的神器其控制的.,,workbench
Maniacal Crusher,DoC,狂乱粉碎者,"获得2战力.
本回合下次你在中央牌列击败怪物时, 集结: 虚空.",,workbench
Mantra of Renewal,DoC,真言更新,"每回合一次，若你 已打出两 或更高圣贤卡牌 (包括此牌), 抽一张牌.",,workbench
Mantra of True Sight,RU,真言真正视界,每回合一次，你可以抽一张牌.,,workbench
Map of the Stars,WoS,星图,每回合一次，获得1符文和 1战力.,,workbench
MarrowWyrm Rider,LGND,髓虫骑手,奖励：获得3荣誉. 你可以获取一个英雄以 费用 5符文或更低无需支付费用.,,workbench
Marsh Ranger,WoS,沼泽游侠,"获得1符文和 1荣誉. 抽一张牌.
联合： 获得1符文和 1荣誉. 抽一张牌.",,workbench
Master Dhartha,CotG,达萨大师,抽三张牌。,,workbench
Master Dhartha 10TH,CotG10,达萨大师,抽三张牌。,,workbench
Master Vaya,LGND,大师瓦娅,抽两张牌.,,workbench
Matron of Discovery,RU,发现主母,"获得2符文.
多重联合： 获得1符文.",,workbench
Mecha Cetra,LGND,机甲塞特拉,你可以获取一个英雄或 神器从 中央牌列无需支付费用和 将它放置放到你的牌库顶.,,workbench
Mecha Emissary,LGND,机甲使者,"抽一张牌.
联合-使者: 获得2符文. (获得此效果一次若 你打出或 已打出另一使者本回合.)",,workbench
Mechana Initiate,CotG,机械新兵,获得1符文或1战力。,,workbench
Mechana Initiate 10TH,CotG10,机械新兵,获得1符文或1战力。,,workbench
Mechana Remnant,LGND,机械残响,"奖励：获得4荣誉.
若你已打出或已获取机械卡牌本回合, 获得2符文.",,workbench
Mechannihilator,LGND,机歼灭者,每回合一次，你可以摧毁另一一 的你的机械神器以 获得3战力.,,workbench
Mechannon Blueprint,Dlvr,机加农蓝图,你可以支付 5洞察以 将此牌转化为艾玛的机加农.,「真好奇这玩意儿能砸出多大坑。」——艾玛·铁心,workbench
Mechaphoenix,LGND,机凤凰,"每回合一次，当你 打出机械神器 (包括此牌), 获取或 击败卡牌以 费用等同于 或低于其R费用.",,workbench
Mephit,CotG,恶臭精,奖励：获得2荣誉。你可以放逐中央牌列中的一张卡牌。,,workbench
Mephit 10TH,CotG10,恶臭精,奖励：获得2荣誉。你可以放逐中央牌列中的一张卡牌。,,workbench
"Miles, Golden Prodigy",promo,黄金神童迈尔斯,"抽一张牌. 每当你 打出卡牌的 另一派系本回合, 抽一张牌. 每个派系仅触发一次.",,workbench
Militia,,民兵,获得1战力。,,workbench
Militia 10TH,,民兵,获得1战力。,,workbench
Militia RU,RU,民兵,获得1战力。,,workbench
Militia RoV,RoV,民兵,获得1战力。,,workbench
Militia SoS,,民兵,获得1战力。,,workbench
Minotaur,SoS,牛头人,奖励：3荣誉. 战利品： 抽 1 张牌.,,workbench
Mistake of Creation,CotG,造物之误,奖励：获得4荣誉。你可以放逐中央牌列和/或你弃牌堆中的一张卡牌。,,workbench
Mistake of Creation 10TH,CotG10,造物之误,奖励：获得4荣誉。你可以放逐中央牌列和/或你弃牌堆中的一张卡牌。,,workbench
"Moken, the Huntmaster",DU,莫肯·猎主,"获得 5 荣誉。
游戏结束时，猎主莫肯的荣誉值等同于你牌库中宝藏卡的数量。",,workbench
Moment of Clarity,IH,片刻澄明,"当一名玩家获取圣贤卡牌时，该玩家可以抽一张牌。
事件战利品：放逐一张手牌。若如此做，无需支付费用获取一张秘教士，并将其放入你的手牌。",,workbench
Monastic Tutor,RoV,寺院导师,"获取一个秘教士或 重装步兵无需支付费用.
充能 1E: 放置所获取的卡牌置入你的手牌.",,workbench
Monk of the Lidless Eye,RoV,无目之眼僧侣,"天命： 当此牌进入中央牌列时, 以每个宝藏此牌下方,",,workbench
Monk of the Stone Circle,LGND,僧侣石环,获取一个英雄以 费用 3符文或更低，并将其放入你的手牌.,,workbench
Moon Staff,promo,月杖,每回合一次，你可以花费 4符文以 使你的战力翻倍.,,workbench
Moonveil Clique,DoC,月纱小圈子,"获得 2 符文。
联合：回合结束时，将此牌放入你的手牌而非弃牌堆。",,workbench
Morbid Hammer,DoC,病态锤,"每回合一次，获得1战力.
当此牌进入战场时, 你可以从你的手牌或弃牌堆放逐一张卡牌.",,workbench
Mordant Widow,RoV,蚀骨寡妇,"奖励： 获得4荣誉. 以每位对手, 你选择和 摧毁一个神器其控制的.",,workbench
Mosaic Horn,DU,镶嵌号角,充能 2E: 本回合一次， 获得2符文.,,workbench
Mountain Seer,LGND,山预言者,抽一张牌，然后放逐中央牌列的一张牌。然后，为替换该被放逐牌的每个派系各获得 1 点声望。,,workbench
Muramasa,CotG,村正,每回合一次，获得3战力。,,workbench
Muramasa 10TH,CotG10,村正,每回合一次，获得3战力。,,workbench
Muse of Malevolence,LGND,缪斯恶意,奖励：获得 5 荣誉。在任意派系获得 2 点声望。,,workbench
Muse of Rebirth,DoC,缪斯重生,"获得2符文.
你可以从你的手牌或弃牌堆放逐一张卡牌.",,workbench
Mushroom Druid,LGND,蘑菇德鲁伊,获得3荣誉.,,workbench
Mutated Scavenger,VotA,突变拾荒者,奖励：获得4荣誉. 获得5符文.,,workbench
Mycelial Mage,LGND,菌丝法师,"抽一张牌.
获得3荣誉, 然后放逐此牌.",,workbench
Mystic,,秘教士,获得2符文。,,workbench
Mystic 10TH,,秘教士,获得2符文。,,workbench
Mystic RU,RU,秘教士,获得2符文。,,workbench
Mystic RoV,RoV,秘教士,获得2符文。,,workbench
Mystic SoS,,秘教士,获得2符文。,,workbench
N.I.N.E.,promo,N.I.N.E.,"获得2符文.
当你 打出机械神器, 你可以将此牌返回从 你的弃牌堆以 你的手牌. (卡牌打出过在你的回合中不 进入以 你的弃牌堆直到结束时回合.)",,workbench
Nairi,DoC,奈莉,+1：每当你从中央牌列获取或击败命约卡牌时，获得 1 名望。,,workbench
Nairi's Blessing,DS,奈莉的祝福,"若你打出过三 或更高命约英雄本回合, 你可以获取此 无需支付费用.
获得10荣誉.
持续: 你为 视为以 已打出命约英雄每回合.",,workbench
"Nairi, Henge Queen",RotF,环石女王奈莉,获得5荣誉.,,workbench
"Nairi, Wild Queen",DoC,奈莉·荒野女王,"获得1荣誉. 抽一张牌.
联合： 获得1荣誉. 抽一张牌.",,workbench
"Naka, Emri's Chosen",Dlvr,纳卡·艾姆瑞的天选者,"获得4战力.
此回合, 你可以支付 0洞察以 梦缚费用为.",,workbench
"Naka, Shadeborn",Del,纳卡·影生,"获得3战力.
你可以返回虚空卡牌在你的弃牌堆以 你的手牌.
你可以支付 3洞察以 再次发生.",,workbench
Nemesis,SoS,宿敌,天命： 放逐当前事件.,,workbench
Neophyte Mentor,RU,新入门者导师,"抽一张牌。
本回合你打出的下一张秘教士或重装步兵视为你选择的一个派系。",,workbench
Nethersnare,promo,冥界陷阱,"每回合一次，若此牌下没有怪物，你可以将中央牌列的一个怪物置于其下。
你可以击败怪物此牌下方 视为在中央牌列.
若此 离开打出, 放置任意怪物此牌下方 在顶部的 传送门牌库.",,workbench
Nightmarauders,Dlvr,梦魇掠夺者,奖励：获得1荣誉和 1洞察.,它们无处不在！,workbench
Nightmare Delver,RU,梦魇深掘者,"获得2符文.
若你控制的两 或更高神器, 你可以从你的弃牌堆放逐一张卡牌.",,workbench
Nightmare Harvester,DS,梦魇收割者,获得4战力. 你可以支付 1洞察以 获得4符文改为.,,workbench
Nightmare Sentinel,DU,梦魇哨卫,"获得2战力.
本回合下次你在中央牌列击败怪物时, 你可以从你的手牌或弃牌堆放逐一张卡牌.",,workbench
Nightmare Tyrant,DS,梦魇暴君,奖励： 获得5荣誉. 获取一个卡牌从 你的梦境无需支付费用.,,workbench
Nihil Bomber,Dlvr,虚无投弹者,抽一张牌. 你可以从你的手牌或弃牌堆放逐一张卡牌. 若你如此做，获得1洞察.,恐惧有一张脸。,workbench
Nihil Chemist,Del,虚无药剂师,"获得1战力. 你可以从你的手牌放逐一张卡牌的 弃牌堆.
你可以支付 2洞察以 再次发生. (获得效果列出的额外的次. 你可以只再次发生一次.)",,workbench
Nihilmancer,SoS,虚无法师,"获得2战力. 你可以放逐一张卡牌在 你手牌; 若你 做, 获得额外的 1战力.",,workbench
Nilhammer,Del,虚无锤,回响：每回合一次，获得 3 战力。（若你的弃牌堆中有虚空卡牌，则获得此效果。）,需要一样能砸碎骨头与灵魂的东西吗？,workbench
"Nilia, The Shattered",Dlvr,尼莉亚·破碎,奖励：获得5荣誉. 拿取一张卡牌随机从 对手之手牌和 将该卡牌加入以 你的手牌.梦缚: 7洞察.,金色巨人，高过群山,workbench
"Nilus, the Despair",DS,尼卢斯·绝望,奖励： 获得7荣誉. 获取顶部三 卡牌的 梦牌库无需支付其费用.,,workbench
Nocturnal Seer,DS,夜行预言者,"抽一张牌.
你可以少支付 1 符文下次你获取梦生卡牌本回合.",,workbench
Nom Tribe Gremlin,GotE,诺姆部落小妖,"奖励：获得 1 荣誉。
感染：当你击败诺姆部落小妖时，可以将其放入一名玩家的弃牌堆。
当你打出诺姆部落小妖时，可以将其放入另一名玩家的弃牌堆。",,workbench
Nook Hound,SoS,角落猎犬,"天命： 当此牌进入中央牌列时, 每位玩家可以查看牌库顶卡牌的 其牌库. 他们可以将其放入其弃牌堆.",,workbench
Nothing Man,IH,虚无之人,奖励：3荣誉. 战利品： 放逐此 以获得灵魂宝石.,,workbench
"Nova, Born of Chaos",promo,诺娃·混沌所生,"奖励：所有玩家将全部荣誉标记返还荣誉池。若本轮本应结束游戏，则游戏不结束。
获得 10 荣誉。",,workbench
Noxious Soul,SoS,毒害灵魂,奖励：4荣誉. 每位对手须弃掉卡牌随机从其手牌.,,workbench
Nyxian Corruptor,,尼克斯腐蚀者,"获得3战力.
你可以花费R视为P本回合.",,workbench
Nyxian Ritualist,DU,尼克斯祭仪师,获得3战力和 3E.,,workbench
Nyxian Spiritcaster,RoV,尼克斯魂咏者,"获得3E.
抽一张牌.",,workbench
Oak of Souls,Del,橡灵魂,奖励：获得3荣誉. 掷谵妄骰。,清醒之死落在无意识世界的结果。,workbench
Obfusca Spirit,Dlvr,朦胧精魂,"奖励：获得4荣誉. 选择一名对手以 弃掉卡牌随机从其手牌.
梦缚: 4洞察.",爱是一场梦。爱是一场梦魇。,workbench
Oblivion Blossoms,GotE,湮灭花,"每回合一次，获得1战力.
每回合一次，若你 拥有被放逐卡牌, 获得1荣誉.",,workbench
Ogo Courier,DoC,奥戈信使,"获得2符文.
下次你获取中央牌列的一张英雄, 集结: 生命.",,workbench
Ogo Demontrap,RoV,奥戈捕魔阱,"每回合一次，获得1战力.
充能 4E: 本回合一次， 获得3荣誉.",,workbench
Ogo Rising,SoS,奥戈崛起,"本回合打出的第一张英雄也视为命约英雄。
事件战利品：获得 1 符文。",,workbench
Ogo War Tree,Del,奥戈战争树,"每回合一次，当你获取中央牌列的一张英雄, 你可以将它放置放到你的牌库顶.",一路平安！,workbench
Ominous Augur,VotA,不祥占兆者,"获取一个英雄或 神器以 费用 5符文或更低无需支付费用.
宁静: 放置所获取的卡牌在你的手牌中. (获得此效果：若 没有卡牌在你的弃牌堆.)",,workbench
Omnicron,RoV,全时者,"天命： 当此牌进入中央牌列时, 以每个宝藏此牌下方,",,workbench
"Oras, the Redeemer",RoV,奥拉斯·救赎者,"获得4符文.
每位次 你获取一个英雄从中央牌列本回合, 获得荣誉等同于 其荣誉值.",,workbench
Orb of Nyx,IH,宝珠尼克斯,"每回合一次，获得3战力.
当你在中央牌列击败怪物时, 获得灵魂宝石.",,workbench
Order of the Gear,DS,秩序齿轮,"若你控制四件或更多神器，你可以无需支付费用获取此牌。
持续：你的机械英雄改为神器。你每回合可使用它们的异能一次。",,workbench
Otherworldly Guide,DU,异界向导,抽两张牌.,,workbench
Overhaul Cleric,DoC,大修神职者,"当你获取此, 集结: 机械.
获得2符文.
若你控制的两 或更高神器, 获得额外的 1符文.",,workbench
Oxipede,DU,牛蜈,"奖励： 获得2荣誉.
充能 2E: 获得2荣誉.",,workbench
Oziah the Peerless,CotG,无双的奥齐亚,击败一个战力值不高于6的怪物。,,workbench
Oziah the Peerless 10TH,CotG10,无双的奥齐亚,击败一个战力值不高于6的怪物。,,workbench
Oziah's Familiar,RU,奥齐亚的使魔,"击败一个怪物以 费用 4战力或更低无需支付费用.
多重联合： 重复此效果.",,workbench
"Oziah, Judge of Logos",RoV,逻各斯审判者奥齐亚,"当此 为在中央牌列, 你可以获取此 无需支付费用若 你拥有已获得 7E或更高本回合.
击败所有怪物在中央牌列无需支付费用.",,workbench
P.R.I.M.E.,SoS,P.R.I.M.E.,"获得3符文或 获取神器在中央牌列.
当你 打出机械神器, 你可以返回P.R.I.M.E. 从你的弃牌堆以 你的手牌.",,workbench
P.R.I.M.E. Directive,GotE,P.R.I.M.E.指令,若你控制八件或更多机械神器，你赢得对局。,,workbench
Pack Leader,DoC,兽群首领,"当你获取此, 集结: 生命.
获得2符文.
你可以花费R视为战力以 击败命约怪物本回合.",,workbench
Pasythea's Cutlass,Dlvr,帕西提亚的弯刀,"此神器视为所有派系.
当你 打出此, 获得2战力.
帕西提亚费用为你 4洞察少支付以 获取.",,workbench
Pasythea's Katana,Dlvr,帕西提亚的刀,"此神器视为所有派系.
当你 打出此, 抽一张牌.
帕西提亚费用为你 4洞察少支付以 获取.",,workbench
Pasythea's Mace,Dlvr,帕西提亚的锤矛,"此神器视为所有派系.
当你 打出此, 获得2符文.
帕西提亚费用为你 4洞察少支付以 获取.",,workbench
Pasythea's Scimitar,Dlvr,帕西提亚的弯刀,"此神器视为所有派系.
当你 打出此, 获得2荣誉.
帕西提亚费用为你 4洞察少支付以 获取.",,workbench
Pasythea's Ward,DS,帕西提亚的守护,每回合一次，获得1洞察.,,workbench
"Pasythea, The Redeemed",Dlvr,帕西提亚·救赎者,"此英雄视为所有派系。
当你获取此牌时，它直接进入你的手牌。
获得 2 符文、2 战力、2 荣誉并抽一张牌。",,workbench
"Pasythea, the Aegis",DS,帕西提亚·神盾,"此英雄视为所有派系. 获得3符文, 3战力, 3荣誉.
若你控制的帕西提亚的守护, 你可以获取此 无需支付费用，并将其放入你的手牌.",,workbench
Pathfinder's Totem,VotA,探路者的图腾,联合: 每回合一次，获得1符文. (获得此效果：若 你已打出命约英雄本回合.),,workbench
Pathseeker Sensei,LGND,寻路者导师,击败一个怪物的 4战力或更低无需支付费用.,,workbench
Pathwarden,promo,巡路者,获得2符文. 你可以花费R视为P本回合.,,workbench
Patient Assassin,GotE,耐心刺客,"获得2战力.
若你的弃牌堆中有虚空卡牌, 获得额外的 1战力.",,workbench
Penumbral Edge,SoS,半影刃锋,每回合一次，获得2战力. 获得额外的 2战力若 你控制的暗影刃锋.,,workbench
Personal Wormhole,SoS,私人虫洞,"每回合一次，当你 打出机械神器 (包括此牌), 你可以从你的手牌或弃牌堆放逐一张卡牌.",,workbench
Phasefiend,DU,相位邪魔,奖励： 获得1荣誉. 你可以从你的手牌或弃牌堆放逐一张卡牌.,,workbench
Piercing Eye,GotE,贯穿之眼,"每回合一次，若你 拥有被在中央牌列击败怪物, 你可以抽一张牌.",,workbench
Pillar of Resolve,WoS,柱决意,"每回合一次，若你 已打出秘教士和 重装步兵, 抽两张牌.",,workbench
Planar Aperture,DS,位面孔径,"当你获取机械神器, 你可以支付 1洞察以 将其直接进入战场.",,workbench
Plasma Cannon,DoC,等离子加农,"每回合一次，若你控制的四 或更高机械神器, 你可以获取或 击败任意卡牌在中央牌列无需支付费用.",,workbench
Plunder Devil,DU,掠夺恶魔,"奖励： 获得5荣誉. 你可以获取一个英雄或 神器以 费用 3符文或更低无需支付费用.
充能 2E: 改为， 你可以获取一个英雄或 神器以 费用 6符文或更低无需支付费用.",,workbench
Polaris Demon,SoS,北极星恶魔,"奖励：获得 5 荣誉。
选择一项：摧毁对手控制的所有偶数费用神器，或摧毁对手控制的所有奇数费用神器。",,workbench
Pollen Pixie,Del,花粉小仙,获得2符文和 1荣誉.,一开始你会觉得有点不对劲……,workbench
Portabillet,RoV,便携弹,"每回合一次，当你 打出机械神器 (包括此牌), 抽一张牌.
充能 5E: 本回合一次， 抽一张牌.",,workbench
Portal,promo,传送门,此为任意创升纪元系列中央牌库中可能出现的英雄或神器。你永远不知道会得到什么！,,workbench
Portal Ninja,LGND,传送门忍者,"获得 2 符文。
联合：你可以放逐一张本回合已打出的卡牌。",,workbench
Pot of Gold,promo,金罐,"当你 打出此, 抽一张牌. 当你 打出小矮妖, 获得1荣誉.",,workbench
Premonition Bell,DoC,预感钟,你可以摧毁此 以复制效果的 英雄在中央牌列以 费用 5符文或更低.,,workbench
Processing Hub,GotE,处理枢纽,"每回合一次，若你控制的三 或更高机械神器, 获得2符文.",,workbench
Prodigal,SoS,浪子,击败一个怪物以P3 或更低.,,workbench
Project Alpha,RotF,阿尔法计划,每回合一次，你可以获取一个英雄或 神器以 费用低于或 等同于 数量为机械神器你控制的.,,workbench
Prospector Scout,DoC,探矿者斥候,"获得2符文.
下次你获取神器在中央牌列本回合, 集结: 机械.",,workbench
Protean Sea Slug,RoV,多变海蛞蝓,奖励： 获得5荣誉. 每位对手摧毁所有神器其控制的.,,workbench
Prototype CH32,RoV,原型CH32,"充能 1E: 本回合一次， 当你获取机械神器, 你可以将其直接进入战场.",,workbench
Psionic Monk,LGND,灵能僧侣,"抽 2 张牌.
获得1荣誉以 每个派系之中神器你控制的.",,workbench
Psyche Askara,Dlvr,心灵阿斯卡拉,复制效果的 英雄你 已打出本回合或 怪物奖励你 拥有已获得本回合.,亚哈教导我们：假以时日，一切传统都会在原则的重压下崩裂。,workbench
Psychic Amulet,LGND,心灵护符,"每回合一次，当你 打出机械或 圣贤神器 (包括此牌), 抽一张牌.",,workbench
Psyonic Apprentice,Dlvr,心灵学徒,"当此 为在你的手牌中, 你可以支付 7洞察以 转化它 置入心灵圣骑士.
击败一个怪物以 费用 4战力或更低无需支付费用.",,workbench
Psyonic Paladin,Dlvr,心灵圣骑士,在中央牌列击败一个怪物无需支付费用.,铠甲由我们的思绪塑形，利剑由我们的意志指引。,workbench
Puggageddon,promo,巴哥末日,"奖励：获得2 荣誉. 放置此 置入另一玩家之弃牌堆. 当此 为打出过从你的手牌, 获得1 荣誉和 将其放入另一玩家之弃牌堆.",,workbench
Puppetmaster,DS,傀儡师,奖励： 获得4荣誉. 拿取1洞察从 每位对手.,,workbench
Qadim Stalker,VotA,卡迪姆潜行者,"获得2符文和 2战力.
联合: 获得2荣誉.",,workbench
Radiant Aspirant,GotE,辉耀追求者,"赋力
抽一张牌.",,workbench
Raging Ursine,RoV,暴怒熊,"奖励： 获得3荣誉.
充能 2E: 获得2符文.",,workbench
"Raiyna, Riftwalker",LGND,蕾娜·裂隙行者,"获得 4 战力。
本回合下次你在中央牌列击败怪物时，获得其非荣誉奖励两次。",,workbench
"Raj, Psionic Master",SoS,灵能大师拉吉,"放逐一个英雄从你的手牌.
若你如此做，获取一个英雄以 荣誉至多两 超过该 的被放逐卡牌，并将其放入你的手牌.",,workbench
"Raka, Dreamtender",DS,拉卡·守梦者,"获得5荣誉.
将一张卡牌加入你的梦境.",,workbench
"Rakar, Corrupt Askara",Dlvr,拉卡尔·腐化阿斯卡拉,奖励：获得6荣誉. 加入梦缚怪物在 虚空区以 你的手牌.,爱是一场梦。爱是一场梦魇。,workbench
"Randall, Umbral Sage",VotA,兰德尔·暗影贤者,"获得3战力.
放置所有卡牌从 你的牌库置入你的弃牌堆, 然后返回虚空卡牌在你的弃牌堆以 你的手牌.",,workbench
Rat King,promo,鼠王,"当鼠王进入中央牌列时，在其他每个中央牌列栏位上各放置一张巨鼠。
奖励：获得 4 荣誉，并击败所有在场的巨鼠。",,workbench
Raven Siren,DU,乌鸦海妖,"获得1符文.
充能： 你支付 1符文少支付以 每个 1E你拥有已获得本回合下次你获取一个英雄本回合.",,workbench
Ravenous Gorph,RotF,贪婪戈尔夫,"天命： 当此牌进入中央牌列时, 放逐所有卡牌相邻以 它.
奖励：获得3荣誉. 你可以放逐一张卡牌该 曾是相邻以 此.",,workbench
Reactor Monk,CotG,反应堆僧侣,获得2符文。你本回合下一张获取的神器费用减少1符文。,,workbench
Reactor Monk 10TH,CotG10,反应堆僧侣,获得2符文。你本回合下一张获取的神器费用减少1符文。,,workbench
Reactor Shrine,RoV,反应堆神龛,充能 2E: 本回合一次， 获得1荣誉以 每个机械神器你控制的.,,workbench
Reality Sculptor,RoV,现实塑造者,复制本回合已打出的、费用为 3 符文或更低的英雄之效果。,,workbench
Reckless Excavator,VotA,鲁莽挖掘机,"每回合一次，当你 打出机械神器 (包括此牌), 获得1L或 1D.",,workbench
Reclamax,RotF,回收机,"天命： 当此牌进入中央牌列时, 每位玩家可以选择神器在 其弃牌堆和 将它放置在其手牌中.",,workbench
Recyclicrab,IH,循环蟹,"当你 打出机械神器, 若此 为在你的弃牌堆你可以将其收回你的手牌.",,workbench
Rejected Prototype,DoC,废弃原型,"奖励： 获得3荣誉. 你少支付 3 符文下次你获取神器本回合.
集结: 机械.",,workbench
Remnant of the Fallen,LGND,残响·堕落者,"奖励：获得 5 荣誉。
每个派系获得 1 点声望。
你可以无需支付费用获取或击败中央牌列的任意一张牌。",,workbench
"Remus, Pack Guardian",RU,雷穆斯·兽群守卫,"当此 为在你的手牌中, 若你 拥有已获得 3荣誉或更高本回合, 将此牌转化为雷穆斯, 荒野使者.
获得3符文.",,workbench
"Remus, Wild Emissary",RU,雷穆斯·荒野使者,"获得3符文.
你可以花费R作为穿过它 曾是P本回合.",,workbench
Replication Drone,DU,复制无人机,你为 视为以 控制额外的机械神器.,,workbench
Repurposer,IH,再造者,"每回合一次，当你 打出机械神器 (包括此牌), 你可以返回神器从 你的弃牌堆以 你的手牌.",,workbench
Rescuebot 505,WoS,救援机505,"当你获取此 和它 为昼, 将其直接进入战场.
当你获取机械神器, 将其直接进入战场.",,workbench
Resourceful Trader,VotA,机智商人,"抽一张牌.
下次你获取神器本回合, 获得1D.",,workbench
Reverie Muse,DS,幻想缪斯,"获得 1 符文。
联合：将你的符文加倍。",,workbench
Reysa's Trial,GotE,雷萨的试炼,"中央牌列神器获取费用降低 1 符文（最低 1 符文）.
支付 8符文: 将此牌转化为锻母雷萨并获取它.",,workbench
Riftclaw,LGND,裂隙爪,每回合一次，获得1战力.,,workbench
Riftdrake Rider,DoC,裂隙龙兽骑手,"抽两张牌.
你可以放逐至多两 卡牌在你的手牌或弃牌堆.",,workbench
Riftgate Conjuror,DoC,裂隙门咒术师,"获得 3 战力。
本回合下次你击败虚空怪物时，额外获得一次其奖励。",,workbench
Riftwalker's Axe,DU,裂隙行者的斧,充能 2E: 本回合一次， 获得2战力.,,workbench
Riftwatch Outpost,WoS,裂隙守望前哨,"每回合一次，获得1战力.
你可以摧毁此 以获得1战力.",,workbench
Riftwatch Turret,DoC,裂隙守望炮塔,"每回合一次，获得1战力.
每回合一次，当你 打出机械神器 (包括此牌), 获得1战力.",,workbench
Righteous Templar,RoV,正义圣殿武士,"击败一个怪物费用为4战力或更低无需支付费用.
充能 3E: 改为， 击败任意怪物无需支付费用.",,workbench
Ring of Life,promo,生命之环,每回合一次，若你本回合已打出命约英雄，获得 1 符文。当生命之戒进入战场时，选择一个派系。你该派系的英雄也视为命约英雄。,,workbench
Rise of the Cult,SoS,邪教崛起,"邪教徒与狂信者拥有 +1 战力，且其奖励拥有 +1 战力。
事件战利品：获得 1 荣誉。",,workbench
River Reaper,Dlvr,河收割者,奖励：获得6荣誉. 每位对手摧毁只留一个，其余神器其控制的.,金色巨人，高过群山,workbench
Rocket Courier X-99,CotG,火箭信使X-99,每回合一次，当你获取另一张机械神器时，你可以将其直接进入战场。,,workbench
Rocket Courier X-99 10TH,CotG10,火箭信使X-99,每回合一次，当你获取另一张机械神器时，你可以将其直接进入战场。,,workbench
Rootscryer,DoC,根卜者,"展示你牌库顶的卡牌，并将其放入你的手牌. 若它 为圣贤或 命约, 获得3荣誉.",,workbench
Runic Honiskrot,RoV,符文霍尼斯克洛特,"获得2符文.
充能 3E: 获得2战力.",,workbench
Runic Lycanthrope,CotG,符文狼化人,获得2符文。若你本回合打出过命约英雄，获得2战力。,,workbench
Runic Lycanthrope 10TH,CotG10,符文狼化人,获得2符文。若你本回合打出过命约英雄，获得2战力。,,workbench
Rust Gremlin,DS,锈小妖,奖励： 获得1荣誉. 抽一张牌.,,workbench
"Rut, Oaken Master",Dlvr,橡木大师鲁特,"获得3荣誉和 抽一张牌.
掠夺 - 每回合一次，若你 获取卡牌和 击败一个怪物,两者在中央牌列, 获得额外的 3荣誉.",,workbench
Sablespark Sisters,LGND,黑火花姐妹,"抽一张牌.
获得1符文, 然后放逐此牌.",,workbench
"Sabre, the Moonlit",IH,军刀·月下,"获得1符文. 获得1战力. 获得1荣誉. 抽一张牌. 
联合： 获得1符文. 获得1战力. 获得1荣誉. 抽一张牌.",,workbench
Sacred Pot,VotA,神圣罐,宁静: 每回合一次，抽一张牌. (获得此效果：若 没有卡牌在你的弃牌堆.),,workbench
Sadistic Giant,RU,虐杀巨人,奖励： 获得5荣誉.,,workbench
Sadistic Laboratory,,虐杀实验室,"每回合一次，获得 1 战力。
当你在中央牌列击败怪物时，放逐此牌下方的所有怪物，并将被击败的怪物置于此牌下方。你可以视同中央牌列击败此牌下方的怪物。若此牌离开战场，放逐其下方的所有怪物。",,workbench
Sadranis,DoC,萨德拉尼斯,+1：每当你从中央牌列获取或击败虚空卡牌时，获得 1 名望。,,workbench
"Sadranis, Dark Emissary",RotF,黑暗使者萨德拉尼斯,获得3战力. 你可以击败一个怪物从虚空区被 支付其 战力费用. 将它放置置于其底： 传送门牌库.,,workbench
"Sadranis, Dark Savant",DoC,萨德拉尼斯·黑暗学者,"抽两张牌, 然后弃掉卡牌. 你可以从你的弃牌堆放逐一张卡牌.",,workbench
Sage of Lucid Dreams,,贤者清明诸梦,"本回合一次， 从你的手牌放逐一张卡牌. 若你如此做，获取一个英雄以H值至多一 超过该 的被放逐卡牌，并将其放入你的手牌.
多重联合： 你可以重复此.",,workbench
Salvage Yard,Del,打捞场,在你的回合开始时，将此牌收回手牌。,回收。重建。再利用。,workbench
Salvagemaster Mila,VotA,打捞大师米拉,"获得4符文.
你可以放置任意神器你获取本回合直接进入战场.",,workbench
Samael the Fallen,RotF,堕落之神萨麦尔,不可放逐。,,workbench
Samael's Trickster,CotG,萨麦尔的诡术师,奖励：获得1荣誉。获得1符文。,,workbench
Samael's Trickster 10TH,CotG10,萨麦尔的诡术师,奖励：获得1荣誉。获得1符文。,,workbench
Scavenger Ants,WoS,拾荒者蚁群,奖励：获得4荣誉.,,workbench
Scion of Cetra,RU,后裔·塞特拉,获得2符文和 2荣誉.,,workbench
Scion of Emri,RU,后裔·艾姆瑞,"获得3战力.
你可以从你的弃牌堆放逐一张卡牌.",,workbench
Scion of Euloth,RU,后裔·尤洛斯,获得2符文和 2战力.,,workbench
Scion of Oziah,RU,后裔·奥齐亚,击败一个怪物以 费用 5战力或更低无需支付费用.,,workbench
Scrabbling Squad,DU,翻捡小队,获得2符文和 2战力.,,workbench
Scrap Flinger,SoS,废料投掷者,获得2战力. 你可以摧毁一个神器你控制的. 若你如此做，获得额外的 2战力.,,workbench
Scrap Scrabbler,DU,废料翻捡者,"充能 2E: 将此牌转化为翻捡小队. (忽略此牌的其余卡牌之效果.)
获得1符文和 1战力.",,workbench
Scrap Weaver,GotE,废料编织者,"抽一张牌.
你可以放置下一神器你 获取本回合直接进入战场.",,workbench
Scrapbot Scrapper,Del,废料机拆解者,获得2战力. 你可以返回神器你控制的以 你的手牌.,此人之垃圾，乃彼机之兵器。,workbench
Scryer of the Lidless Eye,RU,无目之眼占卜者,"抽两 卡牌, 然后弃掉卡牌. 若已弃掉卡牌为 圣贤, 将其收回你的手牌.",,workbench
Sea Tyrant,CotG,海中暴君,奖励：获得5荣誉。每位对手须选择一张其控制的神器，将其余神器置入弃牌堆。,,workbench
Sea Tyrant 10TH,CotG10,海中暴君,奖励：获得5荣誉。每位对手须选择一张其控制的神器，将其余神器置入弃牌堆。,,workbench
Searing Askara,WoS,灼热阿斯卡拉,放逐中央牌列的一张卡牌. 然后你可以无需支付费用获取费用为 3 符文或更低的卡牌.,,workbench
Secluded Laboratory,RU,隐秘实验室,"若你打出过两 或更高机械英雄, 将此牌转化为零 点反应堆.",,workbench
Seed of the World,promo,种子世界,"每回合一次，当你获取一个英雄在 中央牌列,获得荣誉等同于 其荣誉值.",,workbench
Seer of Days Past,DoC,预言者往日过去,"当你获取此牌时，集结：圣贤。
抽一张牌。若你有 8 点或更多名望，额外抽一张牌。",,workbench
Seer of the Forked Path,CotG,歧路预言者,抽一张牌。然后你可以放逐中央牌列中的一张卡牌。,,workbench
Seer of the Forked Path 10TH,CotG10,歧路预言者,抽一张牌。然后你可以放逐中央牌列中的一张卡牌。,,workbench
Serene Ascetic,DoC,宁静苦行僧,"当你获取此, 你可以将它放置放到你的牌库顶.
抽两张牌.",,workbench
Serpent Siren,RoV,巨蛇海妖,奖励： 获得1荣誉.,,workbench
Serpentcall,RotF,唤蛇,"每回合一次，获得 2 符文。
每回合一次，你可以支付符文费用从虚空区获取一张英雄。",,workbench
Shade Askara,LGND,暗影阿斯卡拉,"获得3战力.
若你 拥有圣贤或 虚空卡牌在你的弃牌堆, 抽一张牌.",,workbench
Shade Converter,WoS,暗影转化者,"若你控制的三 或更高机械神器, 你可以视为你的回合作为昼.",,workbench
Shade Feather,LGND,暗影羽,获得1战力.你可以从你的手牌或弃牌堆放逐一张卡牌.,,workbench
Shade Viper,WoS,暗影毒蛇,奖励：获得2荣誉.,,workbench
Shade of Sadranis,WoS,暗影萨德拉尼斯,获得4战力.,,workbench
Shade of the Black Watch,CotG,黑卫之影,获得2战力。你可以放逐一张手牌或弃牌堆中的卡牌。,,workbench
Shade of the Black Watch 10TH,CotG10,黑卫之影,获得2战力。你可以放逐一张手牌或弃牌堆中的卡牌。,,workbench
Shade's Bargain,DoC,暗影交易,"每回合一次，若你 已打出两 或更高虚空卡牌 (包括此牌), 获得2战力.",,workbench
Shadow Arbiter,LGND,暗影仲裁者,抽一张牌. 你可以从你的手牌放逐一张卡牌以 获得2战力.,,workbench
Shadow Elemental,GotE,暗影元素,"获得2战力.
若此 为被放逐从 任意处在你的回合中, 获得2战力.",,workbench
Shadow Mender,LGND,暗影修复者,获得3战力.,,workbench
Shadow Stalker,RU,暗影潜行者,"你可以从你的弃牌堆放逐一张卡牌.
抽一张牌.",,workbench
Shadow Star,CotG,暗影之星,每回合一次，获得1战力。,,workbench
Shadow Star 10TH,CotG10,暗影之星,每回合一次，获得1战力。,,workbench
Shadowcaster,SoS,影咏者,"抽一张牌.
你可以放逐一张卡牌从你的手牌; 若你 做, 你可以额外抽一张牌.
若当前事件为 虚空, 你可以从你的弃牌堆放逐一张卡牌.",,workbench
Shadowridge Scout,VotA,影脊斥候,"获得 2 战力。
回响：获得 1D。（若你的弃牌堆中有虚空卡牌，则获得此效果。）",,workbench
Shardfinder Compass,DU,寻晶者罗盘,你可以放逐此牌以 获取所有的 宝藏s在中央牌列.,,workbench
Shardwing Beetle,WoS,晶翼甲虫,"奖励：获得3荣誉.
当你击败此, 你可以支付 3符文以 获得额外的 3荣誉.",,workbench
Shepherd of the Lost,DoC,牧者迷失,"获得2符文.
若此 为被放逐从你的手牌或 弃牌堆, 获得5荣誉.",,workbench
Shield Bearer,Del,盾持有者,"抽一张牌.
你可以从你的手牌或弃牌堆放逐一张卡牌.",,workbench
Shrine Attendant,WoS,神龛侍从,加入秘教士或 重装步兵以 你的手牌.,,workbench
Siegemaster's Ram,VotA,攻城主的攻城槌,"每回合一次，当你 打出机械神器 (包括此牌) 或若 你控制的神殿, 获得2战力.",,workbench
Silenced Prophet,VotA,噤声先知,"抽一张牌.
将你牌库顶的牌放入弃牌堆, 然后你可以从你的手牌或弃牌堆放逐一张卡牌.",,workbench
Sirewood Elder,VotA,父木长老,"获得2符文.
联合: 抽一张牌.",,workbench
Sister of the Wind,GotE,姐妹风,放逐姐妹的 风和 卡牌在你的手牌中. 若你如此做，加入秘教士和/或重装步兵以 你的手牌.,,workbench
Skyrocket Drone,RoV,冲天无人机,获得1符文和 额外的 1符文若 你控制的神器.,,workbench
Smoke Tyrant,DU,烟雾暴君,奖励： 获得4荣誉. 放逐顶部七张卡牌的 传送门牌库.,,workbench
Snake Shaman,SoS,蛇萨满,"获得1符文. 若当前事件为 生命, 获得额外的 1符文.
本回合一次， 你可以花费至多 4符文以 获得该等量的荣誉.",,workbench
Snapdragon,CotG,金鱼草,每回合一次，获得1符文。每回合你首次打出命约英雄时，获得1荣誉。,,workbench
Snapdragon 10TH,CotG10,金鱼草,每回合一次，获得1符文。每回合你首次打出命约英雄时，获得1荣誉。,,workbench
Snapdragon Witch,RU,金鱼草女巫,"获得1荣誉.
抽一张牌.
若你 拥有更多H于每个其他玩家, 额外抽一张牌.",,workbench
Snowstrider Lycan,LGND,踏雪者狼化人,"获得1符文, 1荣誉, 1战力, 和抽一张牌.",,workbench
Socket Altar,RotF,嵌口祭坛,"每回合一次，当你 放置机械神器进入战场 (包括此牌), 获得2符文.",,workbench
Solar Sentry,WoS,日哨兵,获得2符文.,,workbench
"Sonny, Lightwielder",GotE,桑尼·持光者,"赋力
击败一个怪物无需支付费用. 若该 怪物会 进入以 虚空区, 你可以支付将其放入玩家之弃牌堆改为.",,workbench
Sordid Asp,RotF,污秽蝮蛇,"奖励：获得1荣誉, 然后偷取 2荣誉从 对手以 最多的荣誉若 其拥有超过你.",,workbench
Soul Assassin,SoS,灵魂刺客,"获得2战力. 下次你在中央牌列击败一个怪物, 获得2符文.",,workbench
Soul Collector,promo,集魂者,"每回合一次，若你本回合已在中央牌列击败怪物，在此牌上放置一枚灵魂指示物。
每回合一次，获得等同于此牌上灵魂指示物数量的战力。",,workbench
Soul Gem - Arbiter of Fate,IH,仲裁者天命,"天命： 当此牌进入中央牌列时, 每位玩家可以放逐一张卡牌从其手牌或 弃牌堆.",,workbench
Soul Gem - Arha Initiate,IH,亚哈新兵,抽一张牌.,,workbench
Soul Gem - Arha Templar,IH,亚哈圣殿武士,击败一个怪物战力值不高于4 或更低.,,workbench
Soul Gem - Ascetic of the Lidless Eye,IH,无目之眼苦行僧,抽两张牌.,,workbench
Soul Gem - Askara of Fate,IH,命运阿斯卡拉,抽两张牌. 每位其他玩家可以抽一张牌. 然后你可以放逐中央牌列的一张卡牌.,,workbench
Soul Gem - Avatar Golem,IH,化身魔像,获得 2 战力。你每控制一种类型的神器，获得 1 荣誉。,,workbench
Soul Gem - Demon Slayer,IH,恶魔杀手,获得3战力.,,workbench
Soul Gem - Dimension Diver,IH,维度潜者,获得2符文. 你可以将所有神器作为机械神器本回合.,,workbench
Soul Gem - Druids of the Stone Circle,IH,石环德鲁伊,获取一个英雄费用不高于3 或更低. 将它放到你的牌库顶.,,workbench
Soul Gem - Great-Omen Raven,IH,大兆乌鸦,"命名卡牌. 展示你牌库顶的卡牌，并将其放入你的手牌. 若它 为被命名为卡牌, 获得3荣誉.",,workbench
Soul Gem - Landtalker,IH,大地说书人,获得3符文.,,workbench
Soul Gem - Lifebound Initiate,IH,生命新兵,获得1符文和 1荣誉.,,workbench
Soul Gem - Master Dhartha,IH,达萨大师,抽三张牌.,,workbench
Soul Gem - Mechana Initiate,IH,机械新兵,获得1符文或 1战力.,,workbench
Soul Gem - Reactor Monk,IH,反应堆僧侣,获得2符文. 下一神器你 获取本回合费用为 1符文更低.,,workbench
Soul Gem - Runic Lycanthrope,IH,符文狼化人,"获得2符文. 若你打出过命约英雄本回合, 获得2战力.",,workbench
Soul Gem - Seer of the Forked Path,IH,歧路预言者,抽一张牌. 然后你可以放逐中央牌列的一张卡牌.,,workbench
Soul Gem - Shade of the Black Watch,IH,黑卫之影,获得2战力. 你可以从你的手牌或弃牌堆放逐一张卡牌.,,workbench
Soul Gem - Spike Vixen,IH,尖刺雌狐,获得1战力. 抽一张牌.,,workbench
Soul Gem - Void Initiate,IH,虚空新兵,获得1符文. 你可以从你的手牌或弃牌堆放逐一张卡牌.,,workbench
Soul Gem - Wolf Shaman,IH,狼萨满,获得1符文. 抽一张牌.,,workbench
Souls Unbound,IH,灵魂解缚,"中央牌列的怪物不可放逐。
事件战利品：弃一张牌。若如此做，获得一枚灵魂宝石。",,workbench
Soulshaper,IH,塑魂者,"你可以放逐此牌或 另一卡牌在你的手牌中. 
若你如此做，获得灵魂宝石. 若当前事件为 虚空, 你可以从你的弃牌堆放逐一张卡牌以 获得灵魂宝石改为.",,workbench
Soulsnare Hunter,VotA,魂阱猎手,"获得2战力.
本回合下次你在中央牌列击败怪物时, 获得1L.",,workbench
Sower of Betrayal,RU,播种者背叛,奖励： 获得3荣誉. 命名派系. 获得额外的 2荣誉以 每个英雄的 该派系你 已打出本回合.,,workbench
Sower of Discontent,RU,播种者不满,奖励： 获得2荣誉. 命名派系. 获得额外的 1荣誉以 每个英雄的 该派系你 已打出本回合.,,workbench
Spark Bug,DoC,火花虫,"每回合一次，若你 已打出两 或更高机械卡牌 (包括此牌), 获得2符文.",,workbench
Spark Sprayer,IH,火花喷射器,"每回合一次，你可以摧毁机械神器你控制的以 获得1战力.
 若当前事件为 机械, 获得额外的 1战力.",,workbench
Spider Witch,IH,蜘蛛女巫,获得2荣誉. 联合： 获得灵魂宝石.,,workbench
Spike Vixen,CotG,尖刺雌狐,获得1战力。抽一张牌。,,workbench
Spike Vixen 10TH,CotG10,尖刺雌狐,获得1战力。抽一张牌。,,workbench
Spike Vixen RU,RU,尖刺雌狐,获得1战力。抽一张牌。,,workbench
Spire of Insight,GotE,尖塔洞察,"每回合一次，若你控制的四 或更高机械神器, 你可以抽两张牌.",,workbench
Spire of the Wind,promo,尖塔风,"每回合一次，你可以弃掉卡牌从你的手牌以 抽一张牌.若它 为秘教士或 重装步兵, 抽 2 张牌改为.",,workbench
Spirit Merchant,RoV,精魂商人,"天命： 当此牌进入中央牌列时, 以每个宝藏此牌下方,",,workbench
Spirit of the Ancients,promo,上古之灵,选择一张尚未被此牌选过的命约英雄。此牌视为该英雄的复制。,,workbench
Spiteful Gladiator,VotA,怨毒角斗士,"获得 2 战力。
回响：额外获得 2 战力。（若你的弃牌堆中有虚空卡牌，则获得此效果。）",,workbench
Stalk the Shadows,DS,潜行暗影,此回合你可以击败怪物在 虚空区视为在中央牌列.,,workbench
Starcaller Leotan,RoV,唤星者莱奥坦,"获得4荣誉.
充能： 获得额外的 1荣誉以 每个 1E你拥有已获得本回合.",,workbench
Starchild,SoS,星之子,"获得1符文和 1荣誉. 然后, 抽一张牌.",,workbench
Starlight Sanctum,DoC,星光圣所,"每回合一次，获得 2 符文。
每回合一次，当你获取中央牌列的一张英雄时，你可以无需支付费用再获取一张费用相等或更低的英雄。",,workbench
Starved Abomination,VotA,饥馑憎恶,奖励：获得3荣誉. 获得1L.,,workbench
Static Elemental,GotE,静电元素,"奖励：获得5荣誉.
每位对手放置所有神器其控制的在 顶部的 其牌库在 随机秩序.",,workbench
Steelweaver,Del,织钢者,"获得1符文. 本回合一次， 当你获取神器, 将其直接进入战场.
你可以支付 1洞察以 再次发生. (获得效果列出的上方额外的次. 你可以只再次发生一次.)",,workbench
Stone Artificers,Dlvr,石神器师,获得2符文. 你可以放置下一神器你 获取本回合直接进入战场.,,workbench
Stone Blade Templar,promo,石刃圣殿武士,"展示并放逐传送门牌库顶的牌. 若其 派系为:
圣贤: 抽两张牌.
命约: 获得3 荣誉.
机械: 获得2 符文.
虚空: 获得2 战力.
无派系： 选择一 的效果上方.",,workbench
Stone Circle,RotF,石环,"天命： 当此牌进入中央牌列时, 每位玩家可以获取秘教士. 将其放在其牌库顶.
每回合一次，当你获取一个英雄, 你可以将它放置放到你的牌库顶.",,workbench
Stone Circle Elder,IH,石环长老,"获取一个英雄费用不高于5 或更低无需支付费用. 将它放置放到你的牌库顶.
若当前事件为 生命, 抽一张牌.",,workbench
Stormsmith Anvil,VotA,风暴匠铁砧,"每回合一次，当你 打出机械神器 (包括此牌) 或若 你控制的神殿, 获得1符文.",,workbench
Sunstreak Courier,WoS,日迹信使,获得1符文和 1战力.,,workbench
Sureshot Tracker,WoS,神射追踪者,"获得2战力.
若你打出或已打出闪光追踪者本回合, 抽一张牌.",,workbench
Surge Protector,DoC,浪涌保护者,"选择一项：获取一个神器以 费用 5符文或更低无需支付费用, 或击败一个怪物以 费用 5战力或更低无需支付费用.",,workbench
"Surya, Light's Sword",DoC,苏尔亚·光明的剑,"在中央牌列击败一个怪物无需支付费用.若它 费用 7战力或更高, 拿取额外回合在此之后.",,workbench
Synapse Spire,DS,突触尖塔,"每回合一次，当你 打出机械神器 (包括此牌), 将一张卡牌加入你的梦境.",,workbench
Synchronizer,SoS,同步者,"每回合一次，当你 打出机械神器 (包括此牌), 获得1符文.",,workbench
"Syril, Runic Alpha",SoS,符文首领西里尔,获得3符文. 联合： 获得3战力.,,workbench
TH07 Tank,DS,TH07坦克,每回合一次，你可以支付 1洞察以 获得3符文. 你可以花费它们只 以获取机械神器.,,workbench
"Ta'hyr, the Sun",WoS,塔希尔·太阳,若中央牌列的所有卡牌都是昼卡，,,workbench
Tablet of Time's Dawn,CotG,时晓石板,放逐此神器，然后在本回合后再进行一个额外回合。,,workbench
Tablet of Time's Dawn 10TH,CotG10,时晓石板,放逐此神器，然后在本回合后再进行一个额外回合。,,workbench
Tablet of the Dreamer,RoV,石板梦者,充能 4E: 本回合一次， 获取或 击败任意卡牌在中央牌列无需支付费用.,,workbench
Tablet of the Templar,LGND,石板圣殿武士,你可以摧毁此 以击败一个怪物的 费用 4战力或更低无需支付费用.,,workbench
"Tarik, the Trickster",SoS,诡术师塔里克,奖励：5荣誉. 你可以选择英雄在中央牌列和 复制其效果.,,workbench
Technological Leap,DS,科技跃进,获取所有神器在中央牌列无需支付其费用.,,workbench
Tectonic Thrasher,GotE,地壳鞭笞者,"奖励：获得4荣誉.
每位对手须选择和 摧毁两 神器其控制的.",,workbench
Teletransmitter Blueprint,Dlvr,远传器蓝图,你可以支付 5洞察以 将此牌转化为艾玛的远传器.,"像心灵感应，但没那么好用。
——艾玛·铁心",workbench
Templar Dragoon,DS,圣殿武士龙骑兵,"击败一个怪物以 费用 4 或更低无需支付费用, 或将一张卡牌加入你的梦境.",,workbench
Templar General,Del,圣殿武士将军,"击败一个怪物以 费用 4战力或更低无需支付费用.
宁静: 当你获取此, 将其放入你的手牌.",,workbench
Templar Outpost,VotA,圣殿武士前哨,每回合一次，无需支付费用击败中央牌列费用为 4 战力或更低的一只怪物.,,workbench
Temple Guardian,IH,神殿守卫,"击败一个怪物以P5 或更低无需支付费用.
若当前事件为 圣贤, 抽一张牌.",,workbench
Temple Librarian,CotG,神殿图书管理员,弃一张牌。若你如此做，抽两张牌。,,workbench
Temple Librarian 10TH,CotG10,神殿图书管理员,弃一张牌。若你如此做，抽两张牌。,,workbench
Temple of Death,VotA,死亡神殿,1D: 获得对以下的控制： 不朽神殿. 你可以从你的手牌或弃牌堆放逐一张卡牌.,,workbench
Temple of Heroes,GotE,英雄神殿,"每回合一次，若你 已打出命约英雄或 怪物, 获得2荣誉.",,workbench
Temple of Immortality,VotA,不朽神殿,"每回合一次，选择派系. 当你获取卡牌的 该派系, 若下一卡牌以 进入中央牌列为 也该 派系, 获取它 无需支付费用.",,workbench
Temple of Life,VotA,生命神殿,1L: 获得对以下的控制： 不朽神殿. 获得2符文.,,workbench
Temple of the Wind,GotE,风之神殿,每回合一次，你可以从你的弃牌堆放逐一张卡牌，并将其替换为 秘教士或 重装步兵.,,workbench
Temporal Excavator,promo,时光发掘者,加入一张牌；若该处已有牌，则放逐它并替换。,,workbench
Temporal Eye,RoV,时光之眼,"当此牌进入战场时, 抽一张牌.
你可以放逐此牌和 另一时光之眼你控制的以 拿取额外回合.",,workbench
Terminites,Dlvr,终末蚁,奖励：获得3荣誉. 每位对手摧毁最低费用神器其控制的.,他们不过是虫子，士兵。能有多大？,workbench
Terrorizing Fiend,RU,威吓邪魔,奖励： 获得2荣誉. 抽两张牌.,,workbench
"Terrus, Paragon of Strife",RoV,特鲁斯·争斗典范,奖励： 获得5荣誉. 每位对手弃掉随机卡牌从其手牌. 你可以选择卡牌已弃掉以此方式，并将其放入你的手牌.,,workbench
Test of Faith,DS,试炼信仰,"展示传送门牌库顶的卡牌. 获取或 击败它 无需支付费用. 若你 获取一个英雄以此方式, 将其放入你的手牌.",,workbench
The Aethermourne,promo,以太哀歌,每回合一次，获得战力等同于 数量为怪物在 中央牌列.,,workbench
The All-Seeing Eye,CotG,全视之眼,每回合一次，你可以抽一张牌。,,workbench
The All-Seeing Eye 10TH,CotG10,全视之眼,每回合一次，你可以抽一张牌。,,workbench
The Chrome Circle,LGND,铬环,"每回合一次，当你 打出机械或 命约神器 (包括此牌), 获得1符文和 1荣誉.",,workbench
The Dragon's Eye,Del,龙之眼,"当你 打出此, 获得1洞察.
宁静: 每回合一次，获得1洞察. (获得此效果：若 没有卡牌在你的弃牌堆.)",,workbench
The Dreamscrape,LGND,刮梦者,每回合一次，你可以摧毁另一一 的你的机械神器以 获得2符文.,,workbench
The Grand Design,CotG,宏伟设计,每回合一次，获得2符文。你只能用它来获取机械神器。,,workbench
The Grand Design 10TH,CotG10,宏伟设计,每回合一次，获得2符文。你只能用它来获取机械神器。,,workbench
The Great Eclipse,IH,大日食,"当一名玩家获取命约英雄时，该玩家可以将其放在自己的牌库顶。
事件战利品：说出一个英雄名。本回合该英雄也视为命约。",,workbench
The Iron Seven,LGND,钢铁七人,奖励：获得 3 荣誉。选择并摧毁至多一件在场神器，或从你的弃牌堆将一件神器收回手牌。,,workbench
The Ironheart,Dlvr,铁之心,"每回合一次，获得3符文, 3战力, 和 3荣誉.",「我不管你有多少触手。我有飞艇！」——艾玛·铁心,workbench
The World Tree,IH,世界树,"每回合一次，你可以支付至多 5符文以 获得该等量的H. 
当你 打出命约英雄, 获得1符文.",,workbench
Thicket Familiar,GotE,灌木丛使魔,"赋力
展示你牌库顶的卡牌，并将其放入你的手牌. 若它 为卡牌以 赋力, 获得2荣誉.",,workbench
Thieving Gryphon,DS,偷窃狮鹫,奖励： 获得2荣誉. 获得2符文.,,workbench
Thorned Charger,DoC,棘刺冲锋者,"奖励： 获得3荣誉. 你可以放置英雄从 你的弃牌堆放到你的牌库顶.
集结: 生命.",,workbench
Thunder Templar,GotE,雷圣殿武士,"赋力
击败一个怪物以 费用 5战力或更低无需支付费用.",,workbench
Tidestalker,DS,潮潜者,奖励： 获得4荣誉.,,workbench
Timestream Seer,RU,时流预言者,"获得2符文.
你可以放逐中央牌列的一张卡牌.",,workbench
Tinkering Monk,promo,摆弄僧侣,"获得2符文.
你可以拥有每位玩家获得H等同于 数量为机械神器其控制的.",,workbench
Tollmaster Ky'lek,promo,税吏凯莱克,天命： 放逐所有其他卡牌在中央牌列和 将它们替换以 传送门.,,workbench
Tome of Erabus,RoV,典籍埃拉布斯,每回合一次，获得1E.,,workbench
"Toric, Ascendant",DU,托里克·飞升者,获取一个英雄无需支付费用，并将其放入你的手牌.,,workbench
"Toric, Devoted Disciple",DU,托里克·虔诚门徒,"充能 4E: 将此牌转化为托里克, 飞升者. (忽略此牌的其余卡牌之效果.)
复制效果的 英雄在中央牌列.",,workbench
Torment Legionary,Del,折磨军团兵,奖励：获得6荣誉. 获取一个梦生卡牌在中央牌列无需支付费用.,无尽野心，超越死亡，超越现实。,workbench
Tormented Soul,CotG,受折磨的灵魂,奖励：获得1荣誉。抽一张牌。,,workbench
Tormented Soul 10TH,CotG10,受折磨的灵魂,奖励：获得1荣誉。抽一张牌。,,workbench
Tower Askara,SoS,高塔阿斯卡拉,"抽 3 张牌. 然后, 弃 2 张牌或 圣贤卡牌.",,workbench
Treasure Hunter,RoV,宝藏猎手,"获得2战力.
你可以支付 1战力更低下次你击败一个怪物以 宝藏其下它 本回合.",,workbench
Treasures of the Study,SoS,宝藏书房,每回合一次，你可以弃 2 张牌. 若你如此做，获得3荣誉.,,workbench
Tree of Bounty,Dlvr,树丰饶,"掠夺 - 每回合一次，若你 获取卡牌和 击败一个怪物,两者在中央牌列, 获得3荣誉.",你确定想知道吗？,workbench
Trinket Harpy,DS,饰品鹰身女妖,奖励： 获得3荣誉. 将一张卡牌加入你的梦境.,,workbench
Trophy Hunter,IH,战利品猎手,获得2战力. 你支付 1战力更低下次你击败战利品怪物本回合.,,workbench
Truth Seeker,RoV,真理追寻者,"抽一张牌. 你可以放逐中央牌列的一张卡牌. 若下一卡牌以 进入中央牌列为 宝藏, 获取它.",,workbench
Turtler Merchant,LGND,龟商商人,"获得5荣誉.
你可以返回H以池 等同于H的英雄或 神器在 中央牌列. 若你如此做，获取它.",,workbench
Tuskrider,Del,牙骑手,"抽一张牌.
联合： 获得4战力.",松露与人肉。,workbench
Twilight Scout,WoS,暮光斥候,抽一张牌.,,workbench
Twisted Tyrant,RoV,扭曲暴君,"奖励： 获得6荣誉.
充能 3E: 抽三张牌.",,workbench
Twofold Askara,CotG,双重阿斯卡拉,复制本回合打出的一张英雄的效果。,,workbench
Twofold Askara 10TH,CotG10,双重阿斯卡拉,复制本回合打出的一张英雄的效果。,,workbench
"Tyranyx, the Pillager",VotA,泰兰尼克斯·劫掠者,"你可以花费P此外还R以获取此.
你可以花费P此外还R以获取机械神器.",,workbench
Ulan's Fist,GotE,乌兰的拳,"每回合一次，获得2战力.
每回合一次，若你 已打出乌兰, 粉碎者, 获得额外的 2战力.",,workbench
"Ulan, the Crusher",GotE,乌兰·粉碎者,"赋力
获得4战力.
若你控制的乌兰的拳, 抽一张牌.",,workbench
"Ulu, Askara Prince",RoV,乌鲁·阿斯卡拉王子,"复制本回合打出的一张英雄的效果。 此效果不能是 被复制.
充能 2E: 复制所选效果额外的次.",,workbench
Umbral Edge,SoS,暗影刃锋,每回合一次，获得2战力. 获得额外的 2战力若 你控制的半影刃锋.,,workbench
Unbound Emissary,DS,解缚使者,"你可以花费I视为R以获取此.
获取或 击败任意卡牌在中央牌列或 你的梦境无需支付费用.",,workbench
Unchained Fates,SoS,挣脱的命运,奖励：5荣誉. 战利品： 抽 2 张牌.,,workbench
Undaunted Scout,DoC,无畏斥候,"当你获取此, 集结: 虚空.
获得2战力.",,workbench
Unspeakable Doom,GotE,不可名状末日,"奖励：获得5荣誉.
每位对手展示其 手牌. 以此方式展示的每只怪物使你额外获得 2 荣誉.",,workbench
Upgrade Foundry,RU,升级铸造厂,"每回合一次，当你获取机械卡牌, 抽两张牌.",,workbench
Valiant Ascetic,DU,勇毅苦行僧,你可以放逐此牌以 击败一个怪物以 费用 5战力或更低无需支付费用.,,workbench
Vandal Soul,SoS,破坏灵魂,奖励：3荣誉. 每位对手摧毁最低费用神器其控制的.,,workbench
Vault Lich,DU,宝库巫妖,"天命： 当此牌进入中央牌列时, 放逐每个卡牌在中央牌列以 宝藏其下它.",,workbench
Vault Sphinx,RoV,宝库狮身人面,奖励： 获得2荣誉.,,workbench
Vaultbreaker Wurm,RotF,破库巨虫,奖励：获得4荣誉. 每位其他玩家须弃掉其 最高费用神器. (他们选择在 情况的 平局).,,workbench
"Vedah, Sage of Swords",promo,剑贤维达,展示传送门牌库顶的卡牌. 抽起它或击败它.,,workbench
Venom Priestess,GotE,毒液女祭司,"获得2战力.
你可以放逐一张卡牌你 已打出本回合或 在你的弃牌堆.",,workbench
"Verdagris, the Wild",DS,维达格里斯·荒野,"获得4符文.
每位次 你获取一个英雄本回合, 获得I等同于 其H值.",,workbench
Verdant Chanter,WoS,翠绿咏者,获得2符文.,,workbench
Verdant Crown,RU,翠绿冠冕,每回合一次，获得2荣誉.,,workbench
Verdant Elemental,GotE,翠绿元素,"获得3荣誉.
若此 为被放逐从 任意处在你的回合中, 获得3荣誉.",,workbench
Verdant Hatchling,DS,翠绿幼体,"获得2荣誉.
联合： 获得2符文.",,workbench
"Veya, Handmaiden of Logos",DU,维雅·逻各斯侍女,"选择一项：获取一个英雄以 费用 6符文或更低无需支付费用, 或击败一个怪物以 费用 6战力或更低无需支付费用.
充能 2E: 改为， 你可以选择两者.",,workbench
"Vezra'Tull, The Voidwyrm",promo,虚空巨虫维兹拉图尔,"你可以花费P而非H以获取此.
获得1战力以 每个怪物在 虚空区.",有些龙囤积黄金。她囤积梦魇。,workbench
Vigil's Resolve,DS,祈夜的决意,"当你 打出秘教士, 获得1符文.
当你 打出重装步兵, 获得1战力.",,workbench
Vineweaver,Del,织藤者,获得4荣誉.,,workbench
"Vir, Ascetic Master",RU,维尔·苦行僧大师,"当此 为在你的手牌中, 若你 已打出英雄的 每个派系本回合, 将此牌转化为维尔, 昙花古鲁.
获取中央牌列的一张英雄无需支付费用，并将其放入你的手牌.",,workbench
"Vir, Ephemeral Guru",RU,维尔·昙花古鲁,获取所有英雄在中央牌列无需支付费用和 放置它们在你的手牌中.,,workbench
Void Amathyst Defender,Dlvr,虚空紫晶防御者,"获得 2 战力。
回响：获得 2 洞察。（若你的弃牌堆中有虚空卡牌，则获得此效果。）",,workbench
Void Avenger,IH,虚空复仇者,"获得3战力. 下次你在中央牌列击败一个怪物, 获得灵魂宝石.",,workbench
Void Emissary,LGND,虚空使者,"抽一张牌.
联合-使者: 获得2战力. (获得此效果一次若 你打出或 已打出另一使者本回合.)",,workbench
Void Initiate,CotG,虚空新兵,获得1符文。你可以放逐一张手牌或弃牌堆中的卡牌。,,workbench
Void Initiate 10TH,CotG10,虚空新兵,获得1符文。你可以放逐一张手牌或弃牌堆中的卡牌。,,workbench
Void Mesmer,promo,虚空催眠师,"获得 2 战力。
本回合下次你击败怪物时，你可以获取一张费用相等或更低的英雄。",,workbench
Void Militia,SoS,虚空民兵,获得1战力. 你可以支付 1 战力更低本回合下次你在中央牌列击败怪物时.,,workbench
Void Remnant,LGND,虚空残响,"奖励：获得4荣誉.
若你已打出或已获取虚空卡牌本回合, 你可以放逐至多两 卡牌从你的手牌或 弃牌堆.",,workbench
Void Rising,SoS,虚空崛起,"每回合一次，当一名玩家在中央牌列击败怪物时，该玩家获得 1 荣誉。
事件战利品：放逐你手牌或弃牌堆中的一张牌。",,workbench
Voidcycler Blueprint,Dlvr,虚空循环器蓝图,你可以支付 5洞察以 将此牌转化为艾玛的虚空循环器.,「真好奇这玩意儿能砸出多大坑。」——艾玛·铁心,workbench
Voidfeeder,RoV,饲虚者,"每回合一次，获得1战力.
充能 2E: 本回合一次， 你可以从你的手牌或弃牌堆放逐一张卡牌.",,workbench
Voidforged Paladin,RU,虚空锻圣骑士,"获得2战力.
 首先次 你在中央牌列击败一个怪物本回合, 抽两张牌.",,workbench
Voidrager,Del,虚空狂怒者,"获得2战力. 本回合下次你在中央牌列击败怪物时, 获得1洞察.",,workbench
Voidrift Stalker,GotE,虚空裂隙潜行者,"赋力
获得3战力.
若你的弃牌堆中有虚空卡牌, 抽一张牌.",,workbench
Voidspeaker,Del,虚空语者,"获得 2 战力。
回响：获得 3 符文。（若你的弃牌堆中有虚空卡牌，则获得此效果。）",对人类情感有着贪婪的食欲。,workbench
Voidsworn Champion,DU,誓虚冠军,获得4战力.,,workbench
Voidsworn Warrior,DU,誓虚战士,"充能 2E: 将此牌转化为誓虚冠军. (忽略此牌的其余卡牌之效果.)
获得1战力.",,workbench
Voidthirster,CotG,渴虚者,每回合一次，获得1战力。每回合你首次击败中央牌列中的怪物时，获得1荣誉。,,workbench
Voidthirster 10TH,CotG10,渴虚者,每回合一次，获得1战力。每回合你首次击败中央牌列中的怪物时，获得1荣誉。,,workbench
"Vyrak, the First",WoS,维拉卡·初代,"你可以花费P作为R以获取此.
获得10荣誉.",,workbench
Wailing Spectre,RU,哀嚎幽灵,奖励： 获得4荣誉. 你可以放逐至多两 卡牌在你的弃牌堆.,,workbench
Wandering Askara,IH,流浪阿斯卡拉,"抽一张牌, 然后你可以放逐中央牌列的一张卡牌.
若你打出过另一流浪阿斯卡拉本回合, 你可以放逐两者卡牌以 拿取另一回合在此之后.",,workbench
Warpdruid,Dlvr,扭曲德鲁伊,"奖励：获得2荣誉. 你可以从你的手牌或弃牌堆放逐一张卡牌.
梦缚: 1洞察.",树皮撕裂血肉。,workbench
Warprogue,Dlvr,扭曲游荡者,奖励：获得 3 荣誉。从一名对手处夺取 1 洞察。梦缚：3 洞察。,爱是一场梦。爱是一场梦魇。,workbench
Wartorn Arbiter,WoS,战创仲裁者,获得1战力.,,workbench
Watchmaker's Altar,CotG,制表师祭坛,每回合一次，获得1符文。你只能用它来获取机械神器。,,workbench
Watchmaker's Altar 10TH,CotG10,制表师祭坛,每回合一次，获得1符文。你只能用它来获取机械神器。,,workbench
Watchtower Golem,WoS,瞭望塔魔像,"每回合一次，若你 打出机械神器 (包括此牌) 或若 它为 昼, 获得2战力.",,workbench
Water Elemental,GotE,水元素,"抽一张牌.
若此 为被放逐从 任意处在你的回合中, 抽两张牌.",,workbench
Weapon 303-V,SoS,武器303-V,"每回合一次，当你 打出机械神器 (包括此牌), 你获得3战力.",,workbench
Webclaw,DU,网爪,"奖励：获得 3 荣誉。每位控制三件或更多神器的对手摧毁一件其控制的神器。
充能 3 能量：改为，每位对手摧毁一件其控制的神器。",,workbench
Wereboar,Dlvr,野猪人,获得2战力.联合： 获得3符文.,你确定想知道吗？,workbench
Whirlwind Ascetic,GotE,旋风苦行僧,"抽三张牌, 然后弃掉两 卡牌. 你可以返回秘教士和 重装步兵已弃掉以此方式以 你的手牌.",,workbench
Wicked End,DS,邪终结,在中央牌列击败一个怪物无需支付费用.,,workbench
Wild Riftdrake,DoC,荒野裂隙龙兽,奖励： 获得4荣誉. 你可以放逐至多两 卡牌从你的手牌或 弃牌堆.,,workbench
Wildbark Mail,GotE,野树皮甲胄,"每回合一次，若你 拥有被在中央牌列击败怪物, 获得2荣誉.",,workbench
Wildcall Staff,RoV,野性呼唤法杖,每回合一次，你支付 2符文少支付以 获取卡牌以 宝藏其下它.,,workbench
Wildfire Elemental,GotE,野火元素,"奖励：获得4荣誉.
选择至多两 卡牌在中央牌列和 放逐它们.",,workbench
Wildgear Druid,RU,野性齿轮德鲁伊,"获得2符文.
若你控制的两 或更高神器, 获得2荣誉.",,workbench
Wildgear Sower,DoC,野性齿轮播种者,"获得2符文.
获得1荣誉以 每个派系之中神器你的控制. (派系为圣贤, 命约, 机械和 虚空).",,workbench
Wind Tyrant,CotG,风之暴君,奖励：获得3荣誉。获得3符文。,,workbench
Wind Tyrant 10TH,CotG10,风之暴君,奖励：获得3荣誉。获得3符文。,,workbench
Wolf Acolyte,IH,狼侍僧,获得1符文. 联合： 抽一张牌.,,workbench
Wolf Shaman,CotG,狼萨满,获得1符文。抽一张牌。,,workbench
Wolf Shaman 10TH,CotG10,狼萨满,获得1符文。抽一张牌。,,workbench
Wolf Shaman RU,RU,狼萨满,获得1符文。抽一张牌。,,workbench
Workshop Gargoyle,RU,工坊石像鬼,"每回合一次，当你获取机械卡牌, 获得1荣誉.",,workbench
Wrecklamax,WoS,回收残机,"每回合一次，若你 打出机械神器 (包括此牌) 或若 它为 昼, 抽一张牌.",,workbench
Xeron's Trial,GotE,泽伦的试炼,"当你 打出怪物, 获得2战力.
支付 8符文: 将此牌转化为泽伦, 伪盟者并获取它.",,workbench
"Xeron, Duke of Lies",CotG,谎言之公爵泽伦,奖励：获得3荣誉. 拿取一张卡牌随机从 每位对手之手牌和 将该卡牌加入以 你的手牌.,,workbench
"Xeron, Duke of Lies 10TH",CotG10,谎言之公爵泽伦,奖励：获得3荣誉. 拿取一张卡牌随机从 每位对手之手牌和 将该卡牌加入以 你的手牌.,,workbench
"Xeron, False Ally",GotE,泽伦·伪盟者,"获得5符文.
本回合你打出或已打出的每只怪物使你额外获得 2 符文.",,workbench
"Xeron, Lord of Deofol",DoC,泽伦·迪奥福尔之主,奖励： 获得6荣誉.,,workbench
Yggdrasil Canopy,DS,世界树树冠,"当你 会获得H没有击败怪物, 获得两次该 等量的H改为.",,workbench
Yggdrasil Staff,CotG,世界树法杖,每回合一次，获得1战力。若你本回合打出过命约英雄，获得2荣誉。,,workbench
Yggdrasil Staff 10TH,CotG10,世界树法杖,每回合一次，获得1战力。若你本回合打出过命约英雄，获得2荣誉。,,workbench
"Yolocryx, the Guardian",DU,约洛克瑞克斯·守卫,"获得5战力和 额外的 1战力以 每个机械神器你控制的.
当你 打出机械神器, 你可以将此牌返回从 你的弃牌堆以 你的手牌.",,workbench
Yolothian Monolith,DU,约洛斯巨石,"充能 4E: 将此牌转化为约洛克瑞克斯, 守卫，并将其放入你的手牌.",,workbench
Yuk Tribe Gremlin,GotE,尤克部落小妖,"奖励：获得 1 荣誉。
感染：当你击败尤克部落小妖时，可以将其放入一名玩家的弃牌堆。",,workbench
Yuk Tribe Outcast,GotE,尤克部落放逐者,"抽一张牌.
放逐中央牌列的一张卡牌. 然后你可以放逐手牌中的尤克部落放逐者或尤克部落小妖，以无需支付费用获取或击败中央牌列的一张卡牌.",,workbench
"Yur, Eye of Chaos",GotE,尤尔·之眼混沌,"奖励：获得4荣誉.
抽三张牌.",,workbench
Zero Point Reactor,RU,零点反应堆,每回合一次，获得2符文.,,workbench
Zeta Arsenal,RoV,泽塔武库,充能 3E: 本回合一次， 获得1战力以 每个机械神器你控制的.,,workbench
Zinta's Bracers,Dlvr,辛塔的护腕,"每回合一次，若你 拥有已获得 2洞察或更高, 获得2战力.",辛塔探入虚空，从中抽出匕首。,workbench
"Zis, Dreamreaper",Del,齐斯·刈梦者,奖励：获得5荣誉. 拿取2洞察从 每位对手.,死法之多，恰如梦境之多。,workbench
